Customer_ID,Signup_Date,Plan,Monthly_Fee,Region,Acquisition_Channel,Status,Tenure_Months,Churn_Date,Churn_Reason
CUST00001,2023-06-25,Basic,299,South,Social Media,Churned,6,2023-12-22,Poor support experience
CUST00002,2024-03-08,Premium,999,South,Organic,Active,9,,
CUST00003,2024-04-07,Standard,599,East,Paid Ads,Active,8,,
CUST00004,2024-03-24,Standard,599,South,Paid Ads,Active,9,,
CUST00005,2024-02-20,Basic,299,South,Paid Ads,Churned,3,2024-05-20,Price too high
CUST00006,2024-01-29,Standard,599,West,Social Media,Active,11,,
CUST00007,2024-10-10,Basic,299,West,Paid Ads,Active,2,,
CUST00008,2024-05-10,Basic,299,North,Paid Ads,Active,7,,
CUST00009,2024-05-12,Premium,999,North,Organic,Active,7,,
CUST00010,2024-08-11,Basic,299,South,Referral,Active,4,,
CUST00011,2024-09-25,Standard,599,North,Paid Ads,Active,3,,
CUST00012,2024-07-29,Standard,599,North,Referral,Active,5,,
CUST00013,2023-02-12,Standard,599,South,Organic,Active,22,,
CUST00014,2023-08-20,Basic,299,North,Paid Ads,Churned,9,2024-05-16,Missing features
CUST00015,2024-01-02,Basic,299,North,Referral,Active,12,,
CUST00016,2024-09-29,Basic,299,South,Paid Ads,Active,3,,
CUST00017,2024-01-16,Basic,299,South,Organic,Active,11,,
CUST00018,2023-01-06,Standard,599,South,Paid Ads,Churned,2,2023-03-07,Not using enough
CUST00019,2024-03-26,Standard,599,West,Referral,Active,9,,
CUST00020,2023-09-23,Basic,299,South,Organic,Active,15,,
CUST00021,2024-03-19,Premium,999,South,Social Media,Active,9,,
CUST00022,2024-07-09,Standard,599,West,Organic,Active,5,,
CUST00023,2023-01-29,Basic,299,South,Paid Ads,Active,23,,
CUST00024,2023-09-16,Basic,299,North,Organic,Churned,1,2023-10-16,Technical issues
CUST00025,2024-06-16,Standard,599,East,Social Media,Churned,6,2024-12-13,Price too high
CUST00026,2023-08-15,Standard,599,East,Referral,Active,16,,
CUST00027,2023-06-24,Basic,299,South,Referral,Churned,13,2024-07-18,Not using enough
CUST00028,2024-01-18,Basic,299,East,Referral,Active,11,,
CUST00029,2023-03-19,Standard,599,North,Referral,Churned,12,2024-03-13,Poor support experience
CUST00030,2024-06-23,Premium,999,North,Paid Ads,Churned,1,2024-07-23,Poor support experience
CUST00031,2024-06-26,Basic,299,South,Social Media,Active,6,,
CUST00032,2024-06-13,Standard,599,West,Referral,Churned,5,2024-11-10,Poor support experience
CUST00033,2024-05-05,Premium,999,South,Paid Ads,Active,8,,
CUST00034,2024-07-21,Premium,999,East,Organic,Active,5,,
CUST00035,2024-10-23,Basic,299,West,Social Media,Active,2,,
CUST00036,2023-11-08,Standard,599,South,Social Media,Active,13,,
CUST00037,2023-04-30,Standard,599,North,Organic,Active,20,,
CUST00038,2024-03-24,Basic,299,North,Paid Ads,Churned,1,2024-04-23,Price too high
CUST00039,2024-10-25,Basic,299,West,Referral,Active,2,,
CUST00040,2024-09-05,Basic,299,North,Social Media,Active,3,,
CUST00041,2023-09-19,Standard,599,South,Paid Ads,Active,15,,
CUST00042,2024-05-20,Basic,299,East,Organic,Churned,4,2024-09-17,Found alternative
CUST00043,2024-02-05,Standard,599,West,Paid Ads,Churned,1,2024-03-06,Not using enough
CUST00044,2023-08-14,Basic,299,North,Organic,Churned,1,2023-09-13,Poor support experience
CUST00045,2024-01-11,Premium,999,South,Paid Ads,Churned,9,2024-10-07,Found alternative
CUST00046,2024-05-06,Basic,299,East,Referral,Active,7,,
CUST00047,2024-05-09,Premium,999,West,Referral,Active,7,,
CUST00048,2024-10-01,Basic,299,South,Organic,Active,3,,
CUST00049,2023-05-02,Standard,599,East,Organic,Churned,10,2024-02-26,Poor support experience
CUST00050,2023-12-24,Premium,999,South,Paid Ads,Active,12,,
CUST00051,2024-01-01,Basic,299,West,Paid Ads,Churned,4,2024-04-30,Not using enough
CUST00052,2023-05-16,Basic,299,South,Paid Ads,Churned,4,2023-09-13,Poor support experience
CUST00053,2023-01-17,Premium,999,North,Referral,Active,23,,
CUST00054,2023-03-30,Basic,299,North,Organic,Churned,9,2023-12-25,Price too high
CUST00055,2024-02-05,Premium,999,North,Paid Ads,Active,11,,
CUST00056,2023-08-14,Premium,999,West,Paid Ads,Active,16,,
CUST00057,2023-08-11,Basic,299,West,Paid Ads,Churned,8,2024-04-07,Missing features
CUST00058,2024-03-29,Basic,299,South,Organic,Churned,1,2024-04-28,Not using enough
CUST00059,2024-05-31,Basic,299,North,Organic,Churned,2,2024-07-30,Technical issues
CUST00060,2023-02-17,Basic,299,South,Paid Ads,Churned,6,2023-08-16,Missing features
CUST00061,2023-02-12,Basic,299,South,Paid Ads,Active,22,,
CUST00062,2023-04-04,Standard,599,North,Paid Ads,Churned,4,2023-08-02,Poor support experience
CUST00063,2023-03-21,Standard,599,North,Paid Ads,Churned,12,2024-03-15,Not using enough
CUST00064,2023-01-23,Basic,299,North,Paid Ads,Churned,11,2023-12-19,Technical issues
CUST00065,2023-08-28,Standard,599,North,Organic,Active,16,,
CUST00066,2023-08-10,Standard,599,South,Organic,Churned,1,2023-09-09,Technical issues
CUST00067,2024-05-28,Premium,999,West,Organic,Active,7,,
CUST00068,2023-03-23,Premium,999,West,Organic,Churned,2,2023-05-22,Poor support experience
CUST00069,2024-01-04,Basic,299,South,Social Media,Churned,6,2024-07-02,Poor support experience
CUST00070,2024-04-17,Basic,299,South,Organic,Active,8,,
CUST00071,2024-11-17,Standard,599,North,Paid Ads,Active,1,,
CUST00072,2024-09-13,Basic,299,West,Organic,Active,3,,
CUST00073,2023-10-30,Basic,299,South,Organic,Active,14,,
CUST00074,2023-06-02,Premium,999,South,Referral,Active,19,,
CUST00075,2023-06-21,Basic,299,West,Paid Ads,Active,18,,
CUST00076,2024-09-23,Basic,299,West,Organic,Active,3,,
CUST00077,2024-06-26,Basic,299,South,Paid Ads,Active,6,,
CUST00078,2023-05-20,Basic,299,South,Paid Ads,Churned,6,2023-11-16,Price too high
CUST00079,2024-05-06,Premium,999,North,Social Media,Active,7,,
CUST00080,2023-05-01,Basic,299,West,Organic,Active,20,,
CUST00081,2024-09-14,Standard,599,North,Social Media,Churned,3,2024-12-13,Price too high
CUST00082,2023-09-03,Premium,999,West,Paid Ads,Active,16,,
CUST00083,2024-10-25,Basic,299,South,Social Media,Active,2,,
CUST00084,2023-03-01,Basic,299,West,Social Media,Active,22,,
CUST00085,2024-10-11,Basic,299,South,Paid Ads,Active,2,,
CUST00086,2024-07-31,Basic,299,West,Paid Ads,Churned,1,2024-08-30,Found alternative
CUST00087,2023-03-09,Basic,299,West,Referral,Active,22,,
CUST00088,2024-04-03,Standard,599,East,Organic,Active,9,,
CUST00089,2024-02-08,Basic,299,North,Organic,Churned,1,2024-03-09,Price too high
CUST00090,2024-05-01,Basic,299,North,Organic,Active,8,,
CUST00091,2024-06-26,Standard,599,South,Referral,Churned,1,2024-07-26,Price too high
CUST00092,2024-11-29,Premium,999,West,Paid Ads,Active,1,,
CUST00093,2023-02-11,Standard,599,South,Organic,Active,22,,
CUST00094,2024-07-28,Premium,999,East,Organic,Active,5,,
CUST00095,2023-12-18,Basic,299,West,Organic,Active,12,,
CUST00096,2024-01-06,Basic,299,West,Social Media,Active,12,,
CUST00097,2024-07-09,Standard,599,West,Referral,Active,5,,
CUST00098,2023-04-20,Basic,299,South,Organic,Active,20,,
CUST00099,2023-11-17,Basic,299,East,Referral,Churned,8,2024-07-14,Price too high
CUST00100,2023-08-11,Basic,299,West,Organic,Churned,3,2023-11-09,Found alternative
CUST00101,2024-03-11,Standard,599,North,Social Media,Active,9,,
CUST00102,2023-05-17,Standard,599,South,Paid Ads,Active,19,,
CUST00103,2024-07-02,Standard,599,North,Social Media,Churned,1,2024-08-01,Price too high
CUST00104,2024-07-10,Standard,599,North,Social Media,Churned,2,2024-09-08,Missing features
CUST00105,2023-09-15,Premium,999,North,Paid Ads,Active,15,,
CUST00106,2023-05-04,Basic,299,North,Referral,Active,20,,
CUST00107,2023-10-08,Premium,999,West,Organic,Active,15,,
CUST00108,2023-12-30,Basic,299,South,Referral,Active,12,,
CUST00109,2023-12-18,Premium,999,South,Paid Ads,Churned,1,2024-01-17,Not using enough
CUST00110,2024-05-12,Premium,999,North,Paid Ads,Active,7,,
CUST00111,2024-01-04,Basic,299,South,Social Media,Churned,7,2024-08-01,Price too high
CUST00112,2024-11-23,Basic,299,North,Referral,Active,1,,
CUST00113,2023-01-22,Standard,599,North,Social Media,Churned,7,2023-08-20,Not using enough
CUST00114,2023-03-23,Standard,599,East,Paid Ads,Churned,10,2024-01-17,Found alternative
CUST00115,2023-06-04,Standard,599,North,Paid Ads,Churned,15,2024-08-27,Missing features
CUST00116,2023-04-30,Standard,599,South,Social Media,Churned,16,2024-08-22,Not using enough
CUST00117,2023-03-12,Basic,299,East,Social Media,Churned,14,2024-05-05,Found alternative
CUST00118,2023-04-02,Standard,599,East,Organic,Active,21,,
CUST00119,2023-04-08,Standard,599,South,Organic,Churned,8,2023-12-04,Technical issues
CUST00120,2024-04-12,Basic,299,South,Organic,Active,8,,
CUST00121,2024-04-02,Standard,599,South,Social Media,Active,9,,
CUST00122,2024-10-08,Basic,299,West,Organic,Active,2,,
CUST00123,2024-06-14,Premium,999,North,Social Media,Active,6,,
CUST00124,2024-02-13,Basic,299,West,Organic,Churned,8,2024-10-10,Price too high
CUST00125,2023-10-02,Premium,999,North,Social Media,Churned,8,2024-05-29,Not using enough
CUST00126,2023-01-20,Basic,299,West,Organic,Churned,16,2024-05-14,Not using enough
CUST00127,2023-01-21,Basic,299,East,Organic,Churned,3,2023-04-21,Missing features
CUST00128,2023-05-13,Standard,599,West,Organic,Active,19,,
CUST00129,2023-06-02,Basic,299,South,Paid Ads,Active,19,,
CUST00130,2024-02-01,Premium,999,West,Paid Ads,Churned,2,2024-04-01,Price too high
CUST00131,2023-12-26,Basic,299,West,Paid Ads,Churned,2,2024-02-24,Not using enough
CUST00132,2023-11-18,Standard,599,East,Organic,Churned,1,2023-12-18,Price too high
CUST00133,2023-03-06,Basic,299,South,Paid Ads,Active,22,,
CUST00134,2024-05-16,Standard,599,West,Paid Ads,Churned,1,2024-06-15,Poor support experience
CUST00135,2023-10-20,Basic,299,North,Paid Ads,Churned,2,2023-12-19,Missing features
CUST00136,2023-08-27,Standard,599,North,Organic,Active,16,,
CUST00137,2024-07-20,Basic,299,South,Organic,Churned,1,2024-08-19,Poor support experience
CUST00138,2024-04-03,Basic,299,North,Organic,Active,9,,
CUST00139,2023-02-10,Standard,599,North,Social Media,Churned,5,2023-07-10,Poor support experience
CUST00140,2024-06-30,Basic,299,West,Organic,Active,6,,
CUST00141,2023-05-11,Standard,599,South,Social Media,Active,20,,
CUST00142,2023-08-03,Standard,599,West,Social Media,Active,17,,
CUST00143,2024-04-17,Premium,999,East,Referral,Active,8,,
CUST00144,2023-12-04,Premium,999,North,Organic,Active,13,,
CUST00145,2023-11-08,Basic,299,West,Paid Ads,Churned,1,2023-12-08,Found alternative
CUST00146,2023-12-02,Basic,299,East,Referral,Active,13,,
CUST00147,2023-11-06,Basic,299,South,Paid Ads,Churned,9,2024-08-02,Price too high
CUST00148,2024-04-05,Premium,999,West,Organic,Active,9,,
CUST00149,2024-11-05,Basic,299,North,Referral,Active,1,,
CUST00150,2023-06-20,Basic,299,West,Organic,Churned,4,2023-10-18,Poor support experience
CUST00151,2024-08-02,Standard,599,North,Organic,Active,5,,
CUST00152,2023-05-30,Standard,599,South,Paid Ads,Churned,13,2024-06-23,Not using enough
CUST00153,2024-07-09,Basic,299,East,Organic,Active,5,,
CUST00154,2024-06-21,Standard,599,West,Social Media,Active,6,,
CUST00155,2023-12-20,Standard,599,East,Organic,Active,12,,
CUST00156,2023-11-19,Premium,999,South,Paid Ads,Active,13,,
CUST00157,2023-01-23,Standard,599,West,Paid Ads,Churned,8,2023-09-20,Missing features
CUST00158,2024-09-10,Standard,599,East,Referral,Active,3,,
CUST00159,2024-02-02,Premium,999,South,Paid Ads,Churned,10,2024-11-28,Not using enough
CUST00160,2024-04-02,Premium,999,South,Paid Ads,Active,9,,
CUST00161,2023-08-16,Standard,599,South,Organic,Active,16,,
CUST00162,2023-10-28,Standard,599,North,Referral,Active,14,,
CUST00163,2023-10-30,Standard,599,West,Social Media,Churned,5,2024-03-28,Price too high
CUST00164,2023-07-04,Standard,599,West,Organic,Active,18,,
CUST00165,2024-10-03,Basic,299,West,Organic,Active,2,,
CUST00166,2023-11-24,Standard,599,North,Organic,Active,13,,
CUST00167,2024-09-05,Premium,999,South,Referral,Active,3,,
CUST00168,2023-02-22,Standard,599,North,Organic,Churned,1,2023-03-24,Found alternative
CUST00169,2023-12-08,Premium,999,South,Paid Ads,Churned,11,2024-11-02,Price too high
CUST00170,2024-07-09,Standard,599,North,Paid Ads,Active,5,,
CUST00171,2024-03-29,Standard,599,North,Referral,Active,9,,
CUST00172,2023-04-11,Basic,299,South,Social Media,Churned,2,2023-06-10,Found alternative
CUST00173,2023-04-22,Premium,999,East,Organic,Active,20,,
CUST00174,2024-05-06,Basic,299,North,Paid Ads,Active,7,,
CUST00175,2024-08-16,Basic,299,East,Organic,Active,4,,
CUST00176,2023-03-20,Basic,299,South,Paid Ads,Churned,10,2024-01-14,Technical issues
CUST00177,2023-12-05,Premium,999,South,Referral,Active,13,,
CUST00178,2024-11-19,Basic,299,West,Paid Ads,Active,1,,
CUST00179,2024-03-15,Premium,999,West,Organic,Churned,7,2024-10-11,Technical issues
CUST00180,2024-10-07,Basic,299,East,Organic,Active,2,,
CUST00181,2024-03-17,Standard,599,North,Social Media,Churned,8,2024-11-12,Not using enough
CUST00182,2023-03-18,Premium,999,North,Organic,Active,21,,
CUST00183,2024-05-13,Basic,299,East,Referral,Churned,5,2024-10-10,Not using enough
CUST00184,2024-05-09,Premium,999,South,Referral,Active,7,,
CUST00185,2023-07-08,Basic,299,West,Social Media,Active,18,,
CUST00186,2023-05-13,Basic,299,South,Referral,Active,19,,
CUST00187,2023-11-19,Standard,599,West,Referral,Churned,12,2024-11-13,Poor support experience
CUST00188,2024-04-06,Premium,999,West,Referral,Churned,6,2024-10-03,Price too high
CUST00189,2024-05-11,Standard,599,North,Paid Ads,Churned,4,2024-09-08,Missing features
CUST00190,2023-12-11,Basic,299,North,Organic,Churned,6,2024-06-08,Poor support experience
CUST00191,2024-09-06,Standard,599,North,Paid Ads,Churned,3,2024-12-05,Price too high
CUST00192,2024-09-15,Standard,599,West,Referral,Active,3,,
CUST00193,2024-04-23,Standard,599,South,Referral,Active,8,,
CUST00194,2024-01-12,Basic,299,East,Organic,Churned,11,2024-12-07,Missing features
CUST00195,2024-08-02,Premium,999,West,Social Media,Active,5,,
CUST00196,2023-04-10,Basic,299,North,Organic,Churned,21,2024-12-30,Price too high
CUST00197,2024-05-09,Standard,599,West,Social Media,Active,7,,
CUST00198,2023-05-12,Premium,999,South,Organic,Active,19,,
CUST00199,2023-12-03,Basic,299,West,Paid Ads,Churned,1,2024-01-02,Technical issues
CUST00200,2024-09-06,Basic,299,South,Organic,Active,3,,
CUST00201,2023-09-16,Basic,299,North,Organic,Active,15,,
CUST00202,2023-04-16,Premium,999,East,Paid Ads,Active,20,,
CUST00203,2024-11-25,Basic,299,South,Organic,Active,1,,
CUST00204,2023-04-12,Basic,299,West,Organic,Churned,9,2024-01-07,Price too high
CUST00205,2023-04-22,Standard,599,South,Organic,Active,20,,
CUST00206,2023-01-24,Premium,999,West,Referral,Active,23,,
CUST00207,2023-01-29,Premium,999,West,Social Media,Active,23,,
CUST00208,2023-02-17,Basic,299,South,Paid Ads,Churned,15,2024-05-12,Price too high
CUST00209,2024-06-10,Standard,599,North,Social Media,Active,6,,
CUST00210,2023-06-20,Basic,299,West,,Churned,7,2024-01-16,Price too high
CUST00211,2023-08-05,Premium,999,South,Organic,Active,17,,
CUST00212,2024-01-17,Basic,299,North,Paid Ads,Active,11,,
CUST00213,2024-10-26,Basic,299,East,Organic,Active,2,,
CUST00214,2024-06-30,Standard,599,West,Organic,Active,6,,
CUST00215,2024-04-24,Standard,599,East,Referral,Active,8,,
CUST00216,2024-02-29,Basic,299,West,Social Media,Churned,6,2024-08-27,Poor support experience
CUST00217,2023-02-28,Basic,299,South,Social Media,Churned,7,2023-09-26,Poor support experience
CUST00218,2024-03-12,Standard,599,South,Social Media,Churned,1,2024-04-11,Price too high
CUST00219,2023-06-13,Premium,999,West,Social Media,Churned,15,2024-09-05,Poor support experience
CUST00220,2023-10-08,Standard,599,South,Referral,Churned,15,2024-12-31,Not using enough
CUST00221,2023-01-31,Basic,299,North,Social Media,Churned,1,2023-03-02,Not using enough
CUST00222,2024-04-07,Basic,299,South,Organic,Churned,6,2024-10-04,Technical issues
CUST00223,2023-02-28,Standard,599,East,Organic,Active,22,,
CUST00224,2024-01-13,Standard,599,South,Paid Ads,Active,11,,
CUST00225,2024-01-05,Standard,599,West,Paid Ads,Active,12,,
CUST00226,2023-04-27,Standard,599,East,Organic,Active,20,,
CUST00227,2024-05-01,Standard,599,East,Paid Ads,Active,8,,
CUST00228,2023-05-31,Standard,599,East,Organic,Active,19,,
CUST00229,2024-07-03,Premium,999,South,Paid Ads,Active,6,,
CUST00230,2024-01-31,Basic,299,West,Paid Ads,Churned,8,2024-09-27,Not using enough
CUST00231,2023-10-16,Basic,299,South,Referral,Active,14,,
CUST00232,2023-12-29,Basic,299,West,Referral,Active,12,,
CUST00233,2024-03-06,Premium,999,North,,Active,10,,
CUST00234,2024-05-20,Basic,299,West,Referral,Active,7,,
CUST00235,2024-09-19,Basic,299,North,Organic,Active,3,,
CUST00236,2024-04-02,Basic,299,North,Social Media,Churned,3,2024-07-01,Found alternative
CUST00237,2024-04-24,Premium,999,North,Organic,Active,8,,
CUST00238,2023-08-03,Basic,299,East,Paid Ads,Active,17,,
CUST00239,2024-04-01,Standard,599,West,Paid Ads,Churned,3,2024-06-30,Price too high
CUST00240,2024-02-28,Basic,299,West,Organic,Churned,2,2024-04-28,Missing features
CUST00241,2024-05-11,Basic,299,South,,Active,7,,
CUST00242,2024-01-24,Basic,299,West,Organic,Active,11,,
CUST00243,2024-11-18,Standard,599,West,Organic,Active,1,,
CUST00244,2023-08-15,Basic,299,West,Paid Ads,Churned,7,2024-03-12,Missing features
CUST00245,2023-12-17,Basic,299,West,Organic,Churned,10,2024-10-12,Price too high
CUST00246,2024-03-10,Basic,299,West,Organic,Active,9,,
CUST00247,2024-10-30,Basic,299,North,Paid Ads,Active,2,,
CUST00248,2024-01-09,Standard,599,South,Organic,Active,11,,
CUST00249,2024-01-25,Premium,999,West,Social Media,Active,11,,
CUST00250,2024-01-01,Basic,299,North,Paid Ads,Churned,6,2024-06-29,Found alternative
CUST00251,2024-06-04,Premium,999,South,Paid Ads,Churned,2,2024-08-03,Found alternative
CUST00252,2024-03-30,Standard,599,South,Paid Ads,Active,9,,
CUST00253,2024-10-31,Standard,599,North,Paid Ads,Churned,2,2024-12-30,Not using enough
CUST00254,2023-03-05,Premium,999,North,Social Media,Churned,3,2023-06-03,Missing features
CUST00255,2023-04-14,Basic,299,South,Referral,Active,20,,
CUST00256,2023-03-23,Basic,299,West,Social Media,Churned,2,2023-05-22,Price too high
CUST00257,2023-05-13,Premium,999,South,Paid Ads,Active,19,,
CUST00258,2024-05-01,Premium,999,North,Paid Ads,Churned,3,2024-07-30,Not using enough
CUST00259,2023-09-18,Standard,599,West,Referral,Churned,9,2024-06-14,Missing features
CUST00260,2023-09-18,Basic,299,East,Referral,Active,15,,
CUST00261,2023-12-24,Basic,299,South,Social Media,Active,12,,
CUST00262,2023-02-20,Basic,299,West,Referral,Churned,16,2024-06-14,Poor support experience
CUST00263,2024-08-09,Basic,299,South,Referral,Active,4,,
CUST00264,2024-10-02,Basic,299,South,Organic,Churned,1,2024-11-01,Price too high
CUST00265,2023-04-20,Basic,299,South,Paid Ads,Churned,11,2024-03-15,Not using enough
CUST00266,2023-01-06,Basic,299,West,Paid Ads,Churned,2,2023-03-07,Price too high
CUST00267,2024-04-06,Premium,999,West,Referral,Active,8,,
CUST00268,2024-03-23,Basic,299,North,Organic,Active,9,,
CUST00269,2023-11-10,Standard,599,South,Paid Ads,Churned,1,2023-12-10,Price too high
CUST00270,2023-02-19,Premium,999,South,Referral,Churned,8,2023-10-17,Not using enough
CUST00271,2023-10-01,Premium,999,West,Organic,Active,15,,
CUST00272,2024-05-11,Basic,299,East,Paid Ads,Churned,4,2024-09-08,Poor support experience
CUST00273,2024-10-04,Premium,999,South,Paid Ads,Active,2,,
CUST00274,2024-03-07,Standard,599,East,Referral,Active,9,,
CUST00275,2023-01-12,Premium,999,South,Organic,Churned,16,2024-05-06,Found alternative
CUST00276,2024-09-14,Premium,999,East,Referral,Active,3,,
CUST00277,2023-03-03,Standard,599,East,Paid Ads,Churned,6,2023-08-30,Missing features
CUST00278,2024-09-07,Basic,299,North,Social Media,Active,3,,
CUST00279,2023-06-04,Premium,999,South,Social Media,Churned,11,2024-04-29,Found alternative
CUST00280,2024-08-15,Standard,599,South,Social Media,Active,4,,
CUST00281,2024-10-16,Basic,299,East,Referral,Active,2,,
CUST00282,2023-06-23,Standard,599,West,Paid Ads,Churned,3,2023-09-21,Found alternative
CUST00283,2024-09-19,Standard,599,East,Organic,Active,3,,
CUST00284,2024-01-15,Premium,999,West,Organic,Active,11,,
CUST00285,2023-03-30,Basic,299,West,Social Media,Active,21,,
CUST00286,2024-01-23,Basic,299,North,Organic,Active,11,,
CUST00287,2024-01-03,Standard,599,South,Paid Ads,Active,12,,
CUST00288,2024-02-26,Basic,299,West,Organic,Churned,4,2024-06-25,Technical issues
CUST00289,2023-05-10,Basic,299,South,Organic,Active,20,,
CUST00290,2023-09-01,Standard,599,South,Social Media,Churned,13,2024-09-25,Not using enough
CUST00291,2023-02-02,Basic,299,North,Social Media,Churned,11,2023-12-29,Technical issues
CUST00292,2023-08-27,Basic,299,South,Paid Ads,Churned,9,2024-05-23,Price too high
CUST00293,2024-10-17,Basic,299,North,Organic,Active,2,,
CUST00294,2024-11-17,Basic,299,West,Paid Ads,Active,1,,
CUST00295,2023-09-06,Standard,599,South,Social Media,Active,16,,
CUST00296,2023-01-16,Basic,299,South,Social Media,Churned,6,2023-07-15,Missing features
CUST00297,2024-05-13,Basic,299,South,Organic,Active,7,,
CUST00298,2024-10-27,Basic,299,North,Organic,Churned,2,2024-12-26,Found alternative
CUST00299,2024-01-08,Standard,599,West,Organic,Active,11,,
CUST00300,2023-12-22,Standard,599,North,Organic,Churned,3,2024-03-21,Found alternative
CUST00301,2024-07-16,Standard,599,South,Social Media,Active,5,,
CUST00302,2023-06-03,Basic,299,West,Organic,Churned,3,2023-09-01,Missing features
CUST00303,2023-04-08,Basic,299,South,Organic,Churned,4,2023-08-06,Price too high
CUST00304,2024-03-31,Standard,599,North,Organic,Active,9,,
CUST00305,2023-11-03,Standard,599,West,Paid Ads,Churned,4,2024-03-02,Not using enough
CUST00306,2024-03-15,Standard,599,West,Referral,Churned,8,2024-11-10,Not using enough
CUST00307,2023-08-17,Premium,999,West,Referral,Active,16,,
CUST00308,2023-01-04,Standard,599,North,Paid Ads,Churned,2,2023-03-05,Price too high
CUST00309,2023-02-20,Premium,999,East,Referral,Active,22,,
CUST00310,2023-03-24,Basic,299,West,Paid Ads,Churned,3,2023-06-22,Price too high
CUST00311,2023-07-24,Standard,599,South,Referral,Churned,3,2023-10-22,Missing features
CUST00312,2023-01-26,Basic,299,West,Paid Ads,Churned,10,2023-11-22,Price too high
CUST00313,2024-01-28,Premium,999,North,Organic,Active,11,,
CUST00314,2023-06-20,Standard,599,South,Referral,Active,18,,
CUST00315,2024-03-22,Basic,299,West,Social Media,Active,9,,
CUST00316,2024-07-05,Basic,299,East,Referral,Churned,1,2024-08-04,Poor support experience
CUST00317,2023-03-30,Basic,299,North,Organic,Churned,1,2023-04-29,Found alternative
CUST00318,2024-02-20,Standard,599,South,Paid Ads,Churned,2,2024-04-20,Price too high
CUST00319,2024-08-20,Premium,999,West,Organic,Active,4,,
CUST00320,2023-12-06,Standard,599,SOUTH,Organic,Active,13,,
CUST00321,2024-09-01,Basic,299,East,Paid Ads,Active,4,,
CUST00322,2023-06-12,Basic,299,East,Organic,Churned,4,2023-10-10,Found alternative
CUST00323,2023-05-10,Basic,299,East,Paid Ads,Churned,2,2023-07-09,Price too high
CUST00324,2023-09-03,Standard,599,East,Social Media,Active,16,,
CUST00325,2024-04-02,Basic,299,South,Organic,Active,9,,
CUST00326,2023-07-11,Basic,299,South,Referral,Active,17,,
CUST00327,2024-01-09,Basic,299,South,Paid Ads,Churned,10,2024-11-04,Found alternative
CUST00328,2024-07-11,Standard,599,South,Paid Ads,Active,5,,
CUST00329,2023-07-02,Basic,299,North,Organic,Churned,7,2024-01-28,Price too high
CUST00330,2024-03-11,Basic,299,North,Organic,Churned,8,2024-11-06,Not using enough
CUST00331,2023-04-01,Standard,599,West,Organic,Churned,2,2023-05-31,Found alternative
CUST00332,2024-02-06,Basic,299,East,Organic,Churned,4,2024-06-05,Price too high
CUST00333,2023-09-22,Standard,599,West,Paid Ads,Churned,13,2024-10-16,Technical issues
CUST00334,2024-02-01,Standard,599,West,Referral,Active,11,,
CUST00335,2024-07-17,Premium,999,West,Social Media,Active,5,,
CUST00336,2023-07-23,Premium,999,North,Organic,Active,17,,
CUST00337,2024-06-16,Basic,299,East,Social Media,Active,6,,
CUST00338,2024-07-12,Standard,599,South,Paid Ads,Active,5,,
CUST00339,2024-09-23,Premium,999,West,Social Media,Active,3,,
CUST00340,2024-09-27,Basic,299,West,Referral,Churned,2,2024-11-26,Poor support experience
CUST00341,2024-01-13,Premium,999,South,Organic,Active,11,,
CUST00342,2024-06-21,Basic,299,North,Paid Ads,Churned,3,2024-09-19,Price too high
CUST00343,2023-09-04,Basic,299,North,Paid Ads,Churned,10,2024-06-30,Found alternative
CUST00344,2024-07-12,Standard,599,East,Organic,Active,5,,
CUST00345,2024-05-02,Standard,599,South,Social Media,Active,8,,
CUST00346,2024-08-18,Standard,599,North,Organic,Active,4,,
CUST00347,2024-04-28,Premium,999,East,Paid Ads,Churned,5,2024-09-25,Technical issues
CUST00348,2023-03-14,Standard,599,South,Referral,Active,21,,
CUST00349,2023-02-25,Basic,299,West,Paid Ads,Churned,4,2023-06-25,Poor support experience
CUST00350,2023-08-22,Premium,999,West,Social Media,Active,16,,
CUST00351,2024-01-07,Standard,599,West,Organic,Active,11,,
CUST00352,2023-10-30,Standard,599,North,Organic,Active,14,,
CUST00353,2023-01-19,Basic,299,South,Organic,Churned,10,2023-11-15,Price too high
CUST00354,2024-01-15,Premium,999,West,Organic,Churned,10,2024-11-10,Found alternative
CUST00355,2023-11-03,Standard,599,North,Referral,Active,14,,
CUST00356,2024-02-16,Standard,599,South,Paid Ads,Active,10,,
CUST00357,2024-02-03,Standard,599,West,Referral,Churned,4,2024-06-02,Price too high
CUST00358,2024-10-08,Premium,999,South,Paid Ads,Active,2,,
CUST00359,2024-01-30,Premium,999,South,Organic,Active,11,,
CUST00360,2024-08-13,Standard,599,West,Referral,Active,4,,
CUST00361,2024-04-11,Premium,999,South,Organic,Active,8,,
CUST00362,2023-10-12,Basic,299,East,Paid Ads,Churned,1,2023-11-11,Price too high
CUST00363,2023-06-15,Basic,299,West,Organic,Churned,3,2023-09-13,Found alternative
CUST00364,2024-05-12,Standard,599,North,Paid Ads,Churned,2,2024-07-11,Not using enough
CUST00365,2023-02-13,Premium,999,South,Organic,Active,22,,
CUST00366,2023-05-27,Premium,999,North,Organic,Active,19,,
CUST00367,2024-08-30,Premium,999,West,Organic,Active,4,,
CUST00368,2023-02-25,Basic,299,West,Organic,Active,22,,
CUST00369,2024-08-25,Standard,599,South,Paid Ads,Churned,1,2024-09-24,Not using enough
CUST00370,2023-03-16,Standard,599,West,Organic,Churned,11,2024-02-09,Price too high
CUST00371,2023-08-30,Premium,999,West,Paid Ads,Churned,1,2023-09-29,Not using enough
CUST00372,2023-03-22,Standard,599,West,Organic,Churned,11,2024-02-15,Technical issues
CUST00373,2024-01-22,Basic,299,West,Referral,Active,11,,
CUST00374,2024-09-23,Standard,599,South,Organic,Churned,1,2024-10-23,Poor support experience
CUST00375,2023-01-12,Basic,299,South,Social Media,Churned,10,2023-11-08,Not using enough
CUST00376,2024-10-15,Standard,599,South,Social Media,Churned,2,2024-12-14,Price too high
CUST00377,2023-05-04,Premium,999,North,Paid Ads,Churned,14,2024-06-27,Poor support experience
CUST00378,2023-09-11,Basic,299,North,Paid Ads,Churned,1,2023-10-11,Poor support experience
CUST00379,2023-03-01,Premium,999,South,Organic,Churned,7,2023-09-27,Not using enough
CUST00380,2024-06-20,Premium,999,North,Organic,Active,6,,
CUST00381,2023-09-26,Standard,599,North,Referral,Active,15,,
CUST00382,2023-09-13,Basic,299,West,Paid Ads,Churned,13,2024-10-07,Price too high
CUST00383,2023-07-21,Standard,599,East,Organic,Active,17,,
CUST00384,2023-04-18,Basic,299,East,Paid Ads,Churned,1,2023-05-18,Poor support experience
CUST00385,2023-07-14,Premium,999,South,Referral,Active,17,,
CUST00386,2024-07-20,Basic,299,South,Paid Ads,Churned,5,2024-12-17,Technical issues
CUST00387,2023-05-30,Standard,599,East,Paid Ads,Churned,1,2023-06-29,Not using enough
CUST00388,2024-06-07,Basic,299,East,Organic,Churned,4,2024-10-05,Technical issues
CUST00389,2024-02-25,Basic,299,West,Organic,Active,10,,
CUST00390,2024-05-11,Basic,299,North,Paid Ads,Active,7,,
CUST00391,2024-01-01,Basic,299,South,Paid Ads,Active,12,,
CUST00392,2023-07-06,Basic,299,East,Organic,Churned,5,2023-12-03,Price too high
CUST00393,2023-05-28,Basic,299,South,Paid Ads,Churned,1,2023-06-27,Found alternative
CUST00394,2023-09-08,Basic,299,West,Paid Ads,Churned,10,2024-07-04,Missing features
CUST00395,2024-09-16,Basic,299,North,Paid Ads,Active,3,,
CUST00396,2024-09-26,Standard,599,South,Organic,Active,3,,
CUST00397,2023-08-20,Standard,599,South,Referral,Active,16,,
CUST00398,2023-03-08,Basic,299,North,Referral,Churned,16,2024-06-30,Missing features
CUST00399,2023-02-10,Basic,299,North,Organic,Churned,14,2024-04-05,Missing features
CUST00400,2024-07-09,Standard,599,East,Organic,Active,5,,
CUST00401,2024-05-30,Standard,599,West,Paid Ads,Active,7,,
CUST00402,2023-10-13,Standard,599,South,Organic,Active,14,,
CUST00403,2023-09-27,Basic,299,North,Referral,Active,15,,
CUST00404,2023-08-29,Basic,299,East,Paid Ads,Active,16,,
CUST00405,2024-07-05,Basic,299,North,Paid Ads,Active,5,,
CUST00406,2023-05-23,Basic,299,West,Organic,Active,19,,
CUST00407,2024-11-11,Premium,999,West,Referral,Active,1,,
CUST00408,2024-10-19,Basic,299,South,Organic,Active,2,,
CUST00409,2024-05-05,Premium,999,South,Paid Ads,Churned,6,2024-11-01,Missing features
CUST00410,2023-08-13,Standard,599,North,Social Media,Active,16,,
CUST00411,2023-08-29,Basic,299,West,Organic,Active,16,,
CUST00412,2023-06-28,Basic,299,South,Organic,Churned,18,2024-12-19,Poor support experience
CUST00413,2024-10-09,Basic,299,South,Organic,Active,2,,
CUST00414,2024-08-19,Basic,299,South,Paid Ads,Active,4,,
CUST00415,2023-02-18,Standard,599,East,Paid Ads,Churned,4,2023-06-18,Found alternative
CUST00416,2024-05-11,Standard,599,South,Paid Ads,Active,7,,
CUST00417,2024-07-16,Basic,299,North,Referral,Active,5,,
CUST00418,2023-02-25,Basic,299,East,Organic,Churned,4,2023-06-25,Not using enough
CUST00419,2024-03-16,Standard,599,North,Referral,Active,9,,
CUST00420,2023-05-27,Standard,599,East,Paid Ads,Churned,11,2024-04-21,Missing features
CUST00421,2024-09-19,Premium,999,South,Referral,Active,3,,
CUST00422,2023-01-17,Basic,299,North,Referral,Churned,1,2023-02-16,Price too high
CUST00423,2024-06-29,Basic,299,North,Organic,Churned,1,2024-07-29,Technical issues
CUST00424,2024-07-09,Basic,299,East,Organic,Active,5,,
CUST00425,2024-03-03,Standard,599,North,Organic,Active,10,,
CUST00426,2024-09-13,Basic,299,West,Social Media,Active,3,,
CUST00427,2023-01-17,Premium,999,West,Organic,Active,23,,
CUST00428,2023-12-13,Basic,299,South,Paid Ads,Churned,7,2024-07-10,Not using enough
CUST00429,2023-06-05,Standard,599,North,Social Media,Active,19,,
CUST00430,2023-09-19,Premium,999,North,Organic,Churned,14,2024-11-12,Found alternative
CUST00431,2023-02-10,Basic,299,East,Paid Ads,Churned,4,2023-06-10,Price too high
CUST00432,2024-06-06,Basic,299,South,Paid Ads,Active,6,,
CUST00433,2024-03-28,Standard,599,North,Organic,Active,9,,
CUST00434,2023-09-04,Premium,999,East,Organic,Active,16,,
CUST00435,2023-06-09,Premium,999,North,Organic,Churned,11,2024-05-04,Price too high
CUST00436,2024-01-23,Premium,999,West,Organic,Active,11,,
CUST00437,2024-01-16,Standard,599,North,Social Media,Active,11,,
CUST00438,2024-05-06,Basic,299,South,Organic,Active,7,,
CUST00439,2024-03-06,Premium,999,West,Referral,Churned,5,2024-08-03,Not using enough
CUST00440,2024-05-28,Basic,299,West,Paid Ads,Churned,2,2024-07-27,Found alternative
CUST00441,2024-11-24,Premium,999,West,Referral,Active,1,,
CUST00442,2024-08-17,Premium,999,North,Paid Ads,Active,4,,
CUST00443,2024-10-19,Basic,299,North,Referral,Active,2,,
CUST00444,2023-10-29,Premium,999,West,Social Media,Churned,3,2024-01-27,Found alternative
CUST00445,2024-01-01,Basic,299,South,Referral,Active,12,,
CUST00446,2024-11-19,Premium,999,North,Organic,Active,1,,
CUST00447,2024-09-02,Basic,299,West,Referral,Active,4,,
CUST00448,2024-02-09,Basic,299,West,Paid Ads,Churned,6,2024-08-07,Price too high
CUST00449,2024-11-15,Premium,999,East,Social Media,Active,1,,
CUST00450,2023-12-21,Standard,599,North,Paid Ads,Churned,5,2024-05-19,Price too high
CUST00451,2023-01-05,Basic,299,West,Organic,Churned,3,2023-04-05,Price too high
CUST00452,2024-09-23,Basic,299,North,Organic,Active,3,,
CUST00453,2024-04-22,Basic,299,South,Paid Ads,Active,8,,
CUST00454,2023-05-01,Basic,299,East,Paid Ads,Active,20,,
CUST00455,2024-03-26,Basic,299,West,Paid Ads,Churned,2,2024-05-25,Missing features
CUST00456,2024-06-25,Basic,299,North,Paid Ads,Churned,2,2024-08-24,Not using enough
CUST00457,2024-06-07,Standard,599,West,Organic,Active,6,,
CUST00458,2024-09-16,Premium,999,West,Paid Ads,Active,3,,
CUST00459,2023-01-11,Standard,599,West,Organic,Churned,2,2023-03-12,Technical issues
CUST00460,2023-10-23,Basic,299,East,Paid Ads,Churned,9,2024-07-19,Missing features
CUST00461,2024-11-27,Basic,299,East,Paid Ads,Active,1,,
CUST00462,2023-05-04,Basic,299,North,Organic,Churned,1,2023-06-03,Poor support experience
CUST00463,2023-04-21,Basic,299,North,Organic,Churned,5,2023-09-18,Price too high
CUST00464,2023-12-16,Standard,599,North,Social Media,Churned,5,2024-05-14,Poor support experience
CUST00465,2024-08-04,Basic,299,South,Paid Ads,Churned,2,2024-10-03,Missing features
CUST00466,2023-07-15,Basic,299,West,Social Media,Churned,5,2023-12-12,Poor support experience
CUST00467,2024-10-09,Basic,299,North,Referral,Active,2,,
CUST00468,2023-10-02,Standard,599,East,Organic,Churned,9,2024-06-28,Technical issues
CUST00469,2023-08-15,Basic,299,South,Organic,Churned,6,2024-02-11,Not using enough
CUST00470,2023-02-11,Basic,299,West,Paid Ads,Churned,8,2023-10-09,Price too high
CUST00471,2024-04-17,Standard,599,West,Organic,Active,8,,
CUST00472,2024-04-13,Standard,599,North,Organic,Active,8,,
CUST00473,2024-11-15,Basic,299,East,Paid Ads,Churned,1,2024-12-15,Not using enough
CUST00474,2023-05-16,Basic,299,West,Referral,Active,19,,
CUST00475,2024-04-23,Standard,599,West,Social Media,Churned,2,2024-06-22,Price too high
CUST00476,2024-06-02,Basic,299,South,Referral,Active,7,,
CUST00477,2024-05-04,Standard,599,South,Organic,Active,8,,
CUST00478,2024-10-19,Standard,599,East,Organic,Active,2,,
CUST00479,2024-11-26,Premium,999,South,Organic,Active,1,,
CUST00480,2024-05-01,Standard,599,North,Organic,Churned,3,2024-07-30,Technical issues
CUST00481,2024-04-12,Premium,999,South,Paid Ads,Active,8,,
CUST00482,2024-05-02,Standard,599,West,Organic,Active,8,,
CUST00483,2023-08-10,Basic,299,SOUTH,Paid Ads,Churned,6,2024-02-06,Found alternative
CUST00484,2023-02-09,Standard,599,South,Referral,Active,23,,
CUST00485,2024-01-21,Basic,299,North,Organic,Churned,1,2024-02-20,Found alternative
CUST00486,2024-04-17,Basic,299,East,Organic,Churned,5,2024-09-14,Poor support experience
CUST00487,2023-04-17,Premium,999,West,Paid Ads,Churned,9,2024-01-12,Found alternative
CUST00488,2023-07-03,Premium,999,South,Organic,Churned,7,2024-01-29,Missing features
CUST00489,2024-11-13,Premium,999,West,Paid Ads,Active,1,,
CUST00490,2023-04-19,Premium,999,West,Referral,Active,20,,
CUST00491,2024-06-28,Premium,999,West,Organic,Active,6,,
CUST00492,2023-09-22,Basic,299,East,Organic,Active,15,,
CUST00493,2024-09-01,Basic,299,East,Referral,Active,4,,
CUST00494,2024-11-20,Basic,299,South,Organic,Active,1,,
CUST00495,2024-01-09,Basic,299,South,Referral,Churned,8,2024-09-05,Poor support experience
CUST00496,2024-05-06,Standard,599,East,Referral,Active,7,,
CUST00497,2023-01-25,Standard,599,South,Paid Ads,Churned,22,2024-11-15,Poor support experience
CUST00498,2023-04-15,Basic,299,West,Paid Ads,Churned,19,2024-11-05,Price too high
CUST00499,2024-04-21,Basic,299,West,Organic,Active,8,,
CUST00500,2023-12-17,Basic,299,North,Paid Ads,Churned,3,2024-03-16,Poor support experience
CUST00501,2024-02-05,Premium,999,South,Paid Ads,Active,11,,
CUST00502,2024-01-24,Standard,599,West,Organic,Active,11,,
CUST00503,2023-02-19,Basic,299,West,Organic,Churned,10,2023-12-16,Price too high
CUST00504,2023-01-17,Standard,599,South,Organic,Churned,22,2024-11-07,Price too high
CUST00505,2023-02-22,Standard,599,West,Referral,Churned,21,2024-11-13,Price too high
CUST00506,2024-10-12,Standard,599,West,Referral,Active,2,,
CUST00507,2023-05-10,Standard,599,South,Organic,Churned,15,2024-08-02,Found alternative
CUST00508,2023-06-08,Basic,299,North,Paid Ads,Churned,3,2023-09-06,Missing features
CUST00509,2024-06-09,Premium,999,West,Referral,Active,6,,
CUST00510,2023-10-21,Standard,599,West,Organic,Churned,7,2024-05-18,Found alternative
CUST00511,2024-10-23,Basic,299,West,Social Media,Active,2,,
CUST00512,2023-12-11,Basic,299,South,Organic,Churned,9,2024-09-06,Not using enough
CUST00513,2024-08-01,Standard,599,North,Social Media,Churned,2,2024-09-30,Price too high
CUST00514,2023-10-09,Standard,599,South,Social Media,Churned,12,2024-10-03,Not using enough
CUST00515,2024-01-11,Premium,999,West,Organic,Active,11,,
CUST00516,2023-04-10,Standard,599,West,Social Media,Churned,10,2024-02-04,Not using enough
CUST00517,2023-12-21,Premium,999,South,Paid Ads,Active,12,,
CUST00518,2024-03-25,Basic,299,South,Organic,Churned,1,2024-04-24,Poor support experience
CUST00519,2024-04-10,Premium,999,East,Paid Ads,Active,8,,
CUST00520,2024-07-07,Standard,599,South,Paid Ads,Active,5,,
CUST00521,2024-09-08,Basic,299,South,Organic,Active,3,,
CUST00522,2024-02-20,Premium,999,South,Referral,Active,10,,
CUST00523,2024-03-18,Basic,299,East,Social Media,Churned,9,2024-12-13,Missing features
CUST00524,2023-01-08,Basic,299,North,Organic,Churned,11,2023-12-04,Technical issues
CUST00525,2023-01-28,Basic,299,East,Referral,Churned,10,2023-11-24,Technical issues
CUST00526,2023-04-16,Basic,299,East,Social Media,Churned,12,2024-04-10,Technical issues
CUST00527,2023-12-05,Basic,299,West,Paid Ads,Churned,4,2024-04-03,Poor support experience
CUST00528,2023-11-01,Standard,599,West,Referral,Active,14,,
CUST00529,2023-01-15,Premium,999,North,Social Media,Churned,21,2024-10-06,Price too high
CUST00530,2023-10-23,Basic,299,North,Referral,Churned,1,2023-11-22,Found alternative
CUST00531,2023-03-13,Standard,599,South,Social Media,Active,21,,
CUST00532,2024-07-29,Basic,299,South,Social Media,Active,5,,
CUST00533,2023-08-27,Premium,999,South,Social Media,Active,16,,
CUST00534,2024-03-12,Basic,299,West,Organic,Active,9,,
CUST00535,2023-02-02,Premium,999,South,Paid Ads,Churned,9,2023-10-30,Found alternative
CUST00536,2023-09-02,Standard,599,West,Social Media,Active,16,,
CUST00537,2023-05-07,Standard,599,North,Organic,Churned,2,2023-07-06,Not using enough
CUST00538,2023-02-03,Standard,599,North,Organic,Churned,12,2024-01-29,Poor support experience
CUST00539,2023-07-10,Standard,599,West,Organic,Active,18,,
CUST00540,2024-09-16,Standard,599,North,Paid Ads,Active,3,,
CUST00541,2024-03-05,Standard,599,North,Organic,Active,10,,
CUST00542,2023-10-01,Premium,999,South,Organic,Active,15,,
CUST00543,2023-05-24,Premium,999,South,Paid Ads,Churned,6,2023-11-20,Price too high
CUST00544,2024-11-05,Basic,299,East,Paid Ads,Active,1,,
CUST00545,2023-07-10,Standard,599,West,Organic,Churned,11,2024-06-04,Poor support experience
CUST00546,2023-02-10,Basic,299,North,Referral,Churned,5,2023-07-10,Found alternative
CUST00547,2023-01-27,Basic,299,North,Paid Ads,Churned,4,2023-05-27,Technical issues
CUST00548,2024-01-31,Standard,599,North,Paid Ads,Churned,5,2024-06-29,Found alternative
CUST00549,2023-03-27,Standard,599,East,Organic,Churned,2,2023-05-26,Missing features
CUST00550,2023-03-13,Standard,599,East,Referral,Churned,21,2024-12-02,Poor support experience
CUST00551,2023-05-19,Standard,599,West,Organic,Active,19,,
CUST00552,2023-09-04,Premium,999,West,Organic,Active,16,,
CUST00553,2023-02-10,Basic,299,South,Paid Ads,Churned,16,2024-06-04,Found alternative
CUST00554,2024-02-04,Standard,599,South,Social Media,Churned,9,2024-10-31,Price too high
CUST00555,2023-09-01,Standard,599,West,Referral,Churned,15,2024-11-24,Missing features
CUST00556,2023-02-11,Basic,299,West,Paid Ads,Churned,8,2023-10-09,Found alternative
CUST00557,2024-01-11,Basic,299,East,Social Media,Churned,6,2024-07-09,Not using enough
CUST00558,2024-01-06,Standard,599,West,Organic,Churned,6,2024-07-04,Found alternative
CUST00559,2024-05-14,Basic,299,North,Paid Ads,Churned,5,2024-10-11,Missing features
CUST00560,2023-02-02,Standard,599,East,Organic,Churned,6,2023-08-01,Price too high
CUST00561,2024-02-23,Basic,299,North,Paid Ads,Churned,8,2024-10-20,Price too high
CUST00562,2024-04-23,Premium,999,South,Paid Ads,Active,8,,
CUST00563,2024-10-03,Standard,599,West,Organic,Active,2,,
CUST00564,2023-06-18,Basic,299,South,Paid Ads,Churned,6,2023-12-15,Not using enough
CUST00565,2023-04-24,Standard,599,South,Paid Ads,Churned,19,2024-11-14,Missing features
CUST00566,2023-04-18,Standard,599,West,Organic,Active,20,,
CUST00567,2023-01-09,Basic,299,South,Organic,Churned,2,2023-03-10,Poor support experience
CUST00568,2023-10-23,Standard,599,West,Organic,Active,14,,
CUST00569,2024-03-04,Standard,599,North,Paid Ads,Active,10,,
CUST00570,2024-07-22,Standard,599,North,Referral,Active,5,,
CUST00571,2023-12-14,Premium,999,South,Referral,Active,12,,
CUST00572,2024-01-31,Standard,599,South,Organic,Churned,8,2024-09-27,Price too high
CUST00573,2024-05-10,Basic,299,North,Referral,Active,7,,
CUST00574,2024-01-25,Standard,599,North,Organic,Churned,5,2024-06-23,Missing features
CUST00575,2023-12-24,Standard,599,West,Paid Ads,Active,12,,
CUST00576,2023-01-12,Standard,599,South,Social Media,Active,23,,
CUST00577,2023-01-26,Standard,599,West,Social Media,Churned,4,2023-05-26,Price too high
CUST00578,2024-02-09,Standard,599,South,Organic,Active,10,,
CUST00579,2023-09-06,Standard,599,West,Social Media,Active,16,,
CUST00580,2023-08-17,Standard,599,West,Paid Ads,Churned,12,2024-08-11,Not using enough
CUST00581,2023-04-16,Standard,599,West,Organic,Active,20,,
CUST00582,2023-05-29,Basic,299,North,Referral,Churned,5,2023-10-26,Missing features
CUST00583,2024-03-27,Premium,999,South,Referral,Active,9,,
CUST00584,2024-05-14,Premium,999,North,Organic,Active,7,,
CUST00585,2023-06-20,Basic,299,West,Organic,Churned,8,2024-02-15,Technical issues
CUST00586,2024-06-04,Basic,299,South,Paid Ads,Active,7,,
CUST00587,2023-08-23,Standard,599,South,Referral,Active,16,,
CUST00588,2023-03-04,Basic,299,West,Social Media,Churned,2,2023-05-03,Poor support experience
CUST00589,2023-06-16,Standard,599,South,Referral,Active,18,,
CUST00590,2023-10-30,Premium,999,West,Organic,Churned,12,2024-10-24,Price too high
CUST00591,2023-01-02,Basic,299,South,Social Media,Churned,1,2023-02-01,Missing features
CUST00592,2023-08-20,Basic,299,East,Paid Ads,Churned,13,2024-09-13,Price too high
CUST00593,2023-12-18,Basic,299,South,Organic,Churned,12,2024-12-12,Price too high
CUST00594,2024-06-01,Basic,299,West,Paid Ads,Active,7,,
CUST00595,2023-03-18,Standard,599,North,Organic,Active,21,,
CUST00596,2024-09-04,Basic,299,South,Paid Ads,Active,3,,
CUST00597,2023-04-11,Standard,599,West,Referral,Churned,10,2024-02-05,Poor support experience
CUST00598,2024-02-17,Premium,999,West,Organic,Active,10,,
CUST00599,2023-08-29,Basic,299,South,Social Media,Active,16,,
CUST00600,2023-07-03,Basic,299,North,Organic,Churned,11,2024-05-28,Price too high
CUST00601,2023-10-11,Standard,599,North,Referral,Active,14,,
CUST00602,2024-02-04,Basic,299,North,Paid Ads,Active,11,,
CUST00603,2024-02-10,Basic,299,North,Paid Ads,Churned,3,2024-05-10,Price too high
CUST00604,2023-03-02,Premium,999,West,Paid Ads,Active,22,,
CUST00605,2024-05-25,Standard,599,West,Organic,Active,7,,
CUST00606,2024-04-28,Standard,599,East,Paid Ads,Active,8,,
CUST00607,2024-07-20,Premium,999,South,Paid Ads,Active,5,,
CUST00608,2023-11-11,Basic,299,North,Paid Ads,Active,13,,
CUST00609,2024-03-11,Standard,599,East,Referral,Active,9,,
CUST00610,2024-05-26,Basic,299,West,Referral,Active,7,,
CUST00611,2023-07-24,Basic,299,West,Organic,Churned,11,2024-06-18,Poor support experience
CUST00612,2024-04-20,Basic,299,West,Referral,Active,8,,
CUST00613,2023-01-29,Premium,999,West,Paid Ads,Churned,16,2024-05-23,Missing features
CUST00614,2023-12-02,Standard,599,South,Referral,Churned,12,2024-11-26,Found alternative
CUST00615,2024-11-19,Basic,299,South,Referral,Active,1,,
CUST00616,2024-02-24,Basic,299,East,Paid Ads,Active,10,,
CUST00617,2024-07-17,Standard,599,East,Organic,Churned,4,2024-11-14,Found alternative
CUST00618,2023-02-18,Basic,299,East,Organic,Churned,1,2023-03-20,Found alternative
CUST00619,2023-10-10,Basic,299,South,Referral,Churned,9,2024-07-06,Not using enough
CUST00620,2023-03-08,Premium,999,West,Paid Ads,Active,22,,
CUST00621,2024-10-26,Standard,599,West,Paid Ads,Active,2,,
CUST00622,2024-08-03,Premium,999,South,Paid Ads,Active,5,,
CUST00623,2024-03-14,Basic,299,North,Paid Ads,Churned,2,2024-05-13,Price too high
CUST00624,2023-10-03,Standard,599,South,Organic,Active,15,,
CUST00625,2024-11-19,Premium,999,West,Organic,Active,1,,
CUST00626,2023-07-16,Standard,599,North,Paid Ads,Active,17,,
CUST00627,2024-01-01,Premium,999,South,Organic,Active,12,,
CUST00628,2023-05-25,Standard,599,West,Organic,Churned,8,2024-01-20,Technical issues
CUST00629,2023-09-15,Basic,299,South,Social Media,Churned,5,2024-02-12,Price too high
CUST00630,2023-03-25,Basic,299,West,Paid Ads,Churned,6,2023-09-21,Not using enough
CUST00631,2023-01-04,Premium,999,South,Organic,Churned,20,2024-08-26,Price too high
CUST00632,2024-03-27,Basic,299,East,Organic,Churned,7,2024-10-23,Technical issues
CUST00633,2024-07-25,Premium,999,West,Paid Ads,Churned,3,2024-10-23,Found alternative
CUST00634,2023-05-29,Basic,299,West,Organic,Churned,11,2024-04-23,Not using enough
CUST00635,2024-05-27,Standard,599,South,Referral,Active,7,,
CUST00636,2024-03-22,Standard,599,East,Organic,Churned,4,2024-07-20,Missing features
CUST00637,2023-09-09,Basic,299,North,Organic,Active,15,,
CUST00638,2023-12-21,Basic,299,South,Paid Ads,Churned,3,2024-03-20,Price too high
CUST00639,2023-12-07,Basic,299,North,Organic,Churned,10,2024-10-02,Price too high
CUST00640,2023-05-25,Premium,999,East,Organic,Active,19,,
CUST00641,2023-09-22,Standard,599,North,Paid Ads,Active,15,,
CUST00642,2024-02-06,Basic,299,West,Paid Ads,Active,10,,
CUST00643,2024-05-26,Premium,999,South,Social Media,Active,7,,
CUST00644,2023-04-04,Basic,299,West,Social Media,Active,21,,
CUST00645,2023-01-04,Premium,999,North,Referral,Active,24,,
CUST00646,2024-02-24,Standard,599,South,Organic,Active,10,,
CUST00647,2024-01-17,Basic,299,North,Paid Ads,Churned,1,2024-02-16,Price too high
CUST00648,2024-09-22,Standard,599,West,Referral,Active,3,,
CUST00649,2024-07-05,Basic,299,North,Social Media,Active,5,,
CUST00650,2023-10-02,Basic,299,South,Paid Ads,Churned,5,2024-02-29,Price too high
CUST00651,2024-05-23,Basic,299,South,Organic,Active,7,,
CUST00652,2023-06-27,Standard,599,West,Organic,Active,18,,
CUST00653,2023-03-29,Basic,299,South,Social Media,Churned,2,2023-05-28,Price too high
CUST00654,2023-08-31,Premium,999,South,Paid Ads,Active,16,,
CUST00655,2024-04-17,Basic,299,West,Organic,Active,8,,
CUST00656,2023-06-08,Basic,299,North,Referral,Churned,6,2023-12-05,Price too high
CUST00657,2023-04-29,Basic,299,North,Social Media,Churned,1,2023-05-29,Found alternative
CUST00658,2024-11-10,Standard,599,East,Organic,Active,1,,
CUST00659,2024-08-17,Premium,999,West,Paid Ads,Active,4,,
CUST00660,2023-08-01,Premium,999,West,Paid Ads,Churned,8,2024-03-28,Found alternative
CUST00661,2024-01-12,Standard,599,North,Referral,Churned,6,2024-07-10,Not using enough
CUST00662,2024-09-12,Premium,999,South,Paid Ads,Active,3,,
CUST00663,2023-12-17,Premium,999,West,Paid Ads,Active,12,,
CUST00664,2023-12-27,Basic,299,North,Referral,Churned,4,2024-04-25,Missing features
CUST00665,2023-09-14,Basic,299,West,Organic,Churned,10,2024-07-10,Price too high
CUST00666,2023-01-02,Premium,999,West,Paid Ads,Churned,3,2023-04-02,Price too high
CUST00667,2024-01-27,Premium,999,East,Organic,Churned,4,2024-05-26,Not using enough
CUST00668,2024-03-13,Basic,299,East,Social Media,Active,9,,
CUST00669,2023-11-06,Basic,299,South,Referral,Churned,8,2024-07-03,Missing features
CUST00670,2024-04-21,Basic,299,South,Referral,Active,8,,
CUST00671,2024-08-01,Standard,599,South,Organic,Active,5,,
CUST00672,2023-06-15,Premium,999,North,Social Media,Active,18,,
CUST00673,2023-04-17,Basic,299,South,Social Media,Churned,12,2024-04-11,Not using enough
CUST00674,2023-07-20,Premium,999,East,Organic,Active,17,,
CUST00675,2023-09-23,Basic,299,West,Social Media,Churned,1,2023-10-23,Price too high
CUST00676,2024-11-19,Standard,599,West,Paid Ads,Active,1,,
CUST00677,2024-07-13,Basic,299,South,Social Media,Churned,5,2024-12-10,Missing features
CUST00678,2023-10-03,Basic,299,East,Organic,Active,15,,
CUST00679,2024-08-19,Standard,599,South,Organic,Active,4,,
CUST00680,2023-01-27,Standard,599,South,Organic,Churned,9,2023-10-24,Found alternative
CUST00681,2024-03-24,Basic,299,South,Organic,Active,9,,
CUST00682,2023-11-21,Standard,599,North,Referral,Active,13,,
CUST00683,2024-07-20,Basic,299,North,Social Media,Active,5,,
CUST00684,2024-09-17,Standard,599,South,Paid Ads,Churned,2,2024-11-16,Found alternative
CUST00685,2023-05-12,Basic,299,West,Referral,Churned,2,2023-07-11,Missing features
CUST00686,2023-09-04,Standard,599,North,Referral,Active,16,,
CUST00687,2023-10-30,Premium,999,East,Organic,Active,14,,
CUST00688,2024-06-28,Basic,299,West,Referral,Active,6,,
CUST00689,2023-11-05,Premium,999,North,Paid Ads,Churned,3,2024-02-03,Missing features
CUST00690,2023-05-21,Basic,299,North,Paid Ads,Churned,4,2023-09-18,Poor support experience
CUST00691,2024-08-13,Standard,599,East,Organic,Churned,2,2024-10-12,Not using enough
CUST00692,2023-07-22,Basic,299,North,Paid Ads,Churned,4,2023-11-19,Poor support experience
CUST00693,2023-03-25,Standard,599,West,Social Media,Churned,20,2024-11-14,Found alternative
CUST00694,2023-07-24,Basic,299,North,Paid Ads,Churned,2,2023-09-22,Price too high
CUST00695,2024-04-24,Basic,299,West,Organic,Churned,6,2024-10-21,Poor support experience
CUST00696,2023-04-16,Basic,299,East,Organic,Churned,7,2023-11-12,Poor support experience
CUST00697,2024-05-19,Basic,299,South,Organic,Churned,3,2024-08-17,Missing features
CUST00698,2023-04-28,Standard,599,East,Referral,Churned,8,2023-12-24,Not using enough
CUST00699,2023-09-18,Standard,599,East,Paid Ads,Churned,3,2023-12-17,Not using enough
CUST00700,2023-07-13,Standard,599,South,Paid Ads,Churned,7,2024-02-08,Price too high
CUST00701,2023-09-10,Standard,599,North,Organic,Churned,5,2024-02-07,Found alternative
CUST00702,2023-01-13,Premium,999,West,Paid Ads,Churned,5,2023-06-12,Price too high
CUST00703,2023-09-19,Standard,599,North,Organic,Churned,4,2024-01-17,Poor support experience
CUST00704,2023-01-06,Standard,599,West,Social Media,Churned,9,2023-10-03,Not using enough
CUST00705,2023-06-12,Standard,599,North,Organic,Active,18,,
CUST00706,2024-10-24,Basic,299,East,Paid Ads,Active,2,,
CUST00707,2024-11-30,Standard,599,North,Referral,Active,1,,
CUST00708,2023-08-07,Basic,299,South,Paid Ads,Churned,5,2024-01-04,Not using enough
CUST00709,2023-04-12,Standard,599,East,Paid Ads,Active,20,,
CUST00710,2023-01-08,Basic,299,North,Paid Ads,Churned,9,2023-10-05,Not using enough
CUST00711,2023-11-29,Standard,599,North,Paid Ads,Churned,11,2024-10-24,Price too high
CUST00712,2024-08-04,Standard,599,West,Social Media,Active,4,,
CUST00713,2023-01-29,Premium,999,South,Organic,Churned,19,2024-08-21,Not using enough
CUST00714,2024-03-14,Basic,299,South,Organic,Active,9,,
CUST00715,2024-04-06,Basic,299,East,Organic,Active,8,,
CUST00716,2024-03-18,Premium,999,North,Referral,Active,9,,
CUST00717,2023-11-01,Standard,599,North,Social Media,Active,14,,
CUST00718,2023-12-05,Premium,999,East,Organic,Active,13,,
CUST00719,2023-07-30,Standard,599,West,Referral,Active,17,,
CUST00720,2024-06-29,Basic,299,North,Social Media,Active,6,,
CUST00721,2023-06-18,Premium,999,South,Social Media,Active,18,,
CUST00722,2024-01-26,Premium,999,East,Paid Ads,Active,11,,
CUST00723,2024-10-20,Basic,299,North,Organic,Active,2,,
CUST00724,2023-12-28,Premium,999,West,Referral,Active,12,,
CUST00725,2023-10-12,Basic,299,South,Social Media,Churned,12,2024-10-06,Not using enough
CUST00726,2023-05-11,Standard,599,West,Referral,Churned,8,2024-01-06,Found alternative
CUST00727,2023-12-14,Standard,599,West,Organic,Active,12,,
CUST00728,2023-06-14,Basic,299,North,Organic,Churned,4,2023-10-12,Not using enough
CUST00729,2023-11-28,Basic,299,West,Referral,Churned,1,2023-12-28,Poor support experience
CUST00730,2023-03-21,Premium,999,South,Paid Ads,Active,21,,
CUST00731,2023-03-05,Premium,999,South,Social Media,Active,22,,
CUST00732,2024-06-19,Premium,999,East,Paid Ads,Churned,5,2024-11-16,Poor support experience
CUST00733,2024-01-08,Standard,599,West,Social Media,Churned,9,2024-10-04,Price too high
CUST00734,2023-12-05,Standard,599,West,Referral,Active,13,,
CUST00735,2024-11-17,Standard,599,West,Organic,Active,1,,
CUST00736,2024-05-04,Premium,999,East,Paid Ads,Active,8,,
CUST00737,2023-05-12,Standard,599,South,Organic,Active,19,,
CUST00738,2024-07-09,Basic,299,East,Organic,Active,5,,
CUST00739,2023-08-30,Basic,299,West,Referral,Active,16,,
CUST00740,2023-03-30,Premium,999,North,Paid Ads,Active,21,,
CUST00741,2023-08-28,Basic,299,South,Paid Ads,Churned,2,2023-10-27,Missing features
CUST00742,2024-01-29,Basic,299,East,Paid Ads,Churned,8,2024-09-25,Technical issues
CUST00743,2024-11-01,Basic,299,West,Paid Ads,Active,2,,
CUST00744,2023-05-12,Standard,599,South,Social Media,Churned,18,2024-11-02,Missing features
CUST00745,2023-07-26,Basic,299,South,Referral,Active,17,,
CUST00746,2023-11-18,Standard,599,West,Organic,Churned,8,2024-07-15,Technical issues
CUST00747,2023-05-13,Standard,599,North,Organic,Churned,15,2024-08-05,Not using enough
CUST00748,2024-03-05,Basic,299,East,Paid Ads,Churned,2,2024-05-04,Not using enough
CUST00749,2023-02-20,Premium,999,South,Organic,Churned,5,2023-07-20,Poor support experience
CUST00750,2024-02-27,Premium,999,West,Paid Ads,Active,10,,
CUST00751,2024-08-23,Basic,299,South,Organic,Active,4,,
CUST00752,2023-08-13,Premium,999,North,Social Media,Active,16,,
CUST00753,2023-12-07,Premium,999,South,Paid Ads,Churned,1,2024-01-06,Not using enough
CUST00754,2023-05-07,Standard,599,East,Paid Ads,Churned,17,2024-09-28,Missing features
CUST00755,2024-11-11,Basic,299,North,Organic,Active,1,,
CUST00756,2024-07-17,Standard,599,North,Referral,Active,5,,
CUST00757,2023-11-09,Premium,999,West,Organic,Active,13,,
CUST00758,2024-05-22,Standard,599,West,Organic,Active,7,,
CUST00759,2023-02-17,Premium,999,West,Paid Ads,Active,22,,
CUST00760,2023-11-24,Standard,599,West,Referral,Active,13,,
CUST00761,2023-08-09,Premium,999,West,Social Media,Active,17,,
CUST00762,2023-05-09,Basic,299,South,Organic,Churned,18,2024-10-30,Price too high
CUST00763,2024-07-11,Standard,599,North,Paid Ads,Churned,1,2024-08-10,Technical issues
CUST00764,2023-01-26,Standard,599,North,Social Media,Churned,21,2024-10-17,Found alternative
CUST00765,2023-02-17,Basic,299,North,Organic,Churned,1,2023-03-19,Technical issues
CUST00766,2024-08-16,Basic,299,East,Paid Ads,Active,4,,
CUST00767,2023-11-21,Basic,299,South,Referral,Churned,4,2024-03-20,Price too high
CUST00768,2023-09-02,Standard,599,West,Paid Ads,Churned,10,2024-06-28,Missing features
CUST00769,2023-07-06,Premium,999,North,Organic,Active,18,,
CUST00770,2024-07-30,Basic,299,North,Paid Ads,Active,5,,
CUST00771,2024-02-06,Basic,299,West,Paid Ads,Active,10,,
CUST00772,2024-07-10,Basic,299,South,Organic,Active,5,,
CUST00773,2024-07-07,Standard,599,South,Paid Ads,Active,5,,
CUST00774,2024-08-13,Basic,299,East,Organic,Active,4,,
CUST00775,2023-11-05,Premium,999,West,Referral,Active,14,,
CUST00776,2024-11-16,Standard,599,North,Organic,Active,1,,
CUST00777,2023-05-27,Standard,599,North,Organic,Churned,4,2023-09-24,Missing features
CUST00778,2023-01-01,Standard,599,South,Organic,Churned,6,2023-06-30,Not using enough
CUST00779,2023-06-22,Basic,299,North,Organic,Churned,8,2024-02-17,Technical issues
CUST00780,2023-08-15,Basic,299,East,Organic,Churned,8,2024-04-11,Price too high
CUST00781,2023-05-06,Premium,999,North,Social Media,Churned,10,2024-03-01,Poor support experience
CUST00782,2024-03-17,Basic,299,East,Social Media,Churned,9,2024-12-12,Price too high
CUST00783,2024-09-17,Standard,599,North,Paid Ads,Churned,2,2024-11-16,Price too high
CUST00784,2024-06-21,Standard,599,South,Organic,Active,6,,
CUST00785,2024-01-30,Basic,299,South,Paid Ads,Churned,8,2024-09-26,Price too high
CUST00786,2023-05-27,Standard,599,East,Paid Ads,Active,19,,
CUST00787,2023-11-22,Basic,299,South,Social Media,Churned,4,2024-03-21,Poor support experience
CUST00788,2024-06-03,Standard,599,West,Referral,Active,7,,
CUST00789,2024-10-31,Premium,999,West,Referral,Churned,1,2024-11-30,Price too high
CUST00790,2023-12-22,Premium,999,East,Organic,Active,12,,
CUST00791,2023-02-14,Basic,299,South,Organic,Churned,7,2023-09-12,Poor support experience
CUST00792,2023-11-24,Basic,299,East,Organic,Churned,11,2024-10-19,Price too high
CUST00793,2023-12-18,Basic,299,South,Social Media,Churned,9,2024-09-13,Poor support experience
CUST00794,2023-06-13,Standard,599,North,Paid Ads,Churned,10,2024-04-08,Price too high
CUST00795,2023-08-16,Basic,299,West,Organic,Churned,2,2023-10-15,Not using enough
CUST00796,2024-05-22,Basic,299,West,Social Media,Churned,7,2024-12-18,Missing features
CUST00797,2024-09-26,Premium,999,South,Organic,Active,3,,
CUST00798,2023-03-30,Basic,299,South,Organic,Churned,5,2023-08-27,Not using enough
CUST00799,2024-01-29,Basic,299,West,Paid Ads,Churned,5,2024-06-27,Price too high
CUST00800,2023-08-07,Premium,999,East,Paid Ads,Active,17,,
CUST00801,2024-03-15,Standard,599,North,Paid Ads,Active,9,,
CUST00802,2024-04-25,Premium,999,West,Organic,Active,8,,
CUST00803,2024-03-06,Standard,599,South,Paid Ads,Active,10,,
CUST00804,2024-11-27,Basic,299,North,Paid Ads,Active,1,,
CUST00805,2024-09-27,Basic,299,North,Referral,Active,3,,
CUST00806,2023-06-11,Basic,299,South,Paid Ads,Churned,8,2024-02-06,Not using enough
CUST00807,2023-03-07,Basic,299,North,Organic,Churned,12,2024-03-01,Missing features
CUST00808,2023-05-28,Basic,299,North,Referral,Active,19,,
CUST00809,2023-11-17,Standard,599,North,Referral,Active,13,,
CUST00810,2024-04-25,Premium,999,East,Referral,Active,8,,
CUST00811,2023-11-19,Premium,999,East,Paid Ads,Churned,5,2024-04-17,Found alternative
CUST00812,2023-07-05,Standard,599,North,Paid Ads,Active,18,,
CUST00813,2024-02-22,Standard,599,North,Organic,Active,10,,
CUST00814,2023-06-13,Premium,999,North,Referral,Active,18,,
CUST00815,2024-05-02,Standard,599,North,Paid Ads,Churned,8,2024-12-28,Not using enough
CUST00816,2024-04-15,Premium,999,West,Referral,Churned,2,2024-06-14,Technical issues
CUST00817,2023-12-12,Basic,299,North,Paid Ads,Active,12,,
CUST00818,2023-04-14,Basic,299,West,Paid Ads,Churned,14,2024-06-07,Missing features
CUST00819,2024-06-21,Standard,599,North,Organic,Active,6,,
CUST00820,2024-03-28,Basic,299,South,Paid Ads,Active,9,,
CUST00821,2024-10-05,Basic,299,South,Paid Ads,Active,2,,
CUST00822,2024-01-29,Premium,999,West,Paid Ads,Active,11,,
CUST00823,2024-07-06,Basic,299,West,Organic,Active,5,,
CUST00824,2023-09-12,Standard,599,West,Organic,Churned,12,2024-09-06,Price too high
CUST00825,2024-08-07,Basic,299,North,Referral,Active,4,,
CUST00826,2023-04-17,Basic,299,South,Paid Ads,Active,20,,
CUST00827,2024-07-24,Premium,999,East,Organic,Active,5,,
CUST00828,2024-02-09,Standard,599,West,Organic,Churned,9,2024-11-05,Not using enough
CUST00829,2024-07-25,Basic,299,North,Referral,Active,5,,
CUST00830,2023-12-08,Basic,299,North,Organic,Churned,10,2024-10-03,Price too high
CUST00831,2024-03-24,Basic,299,West,Organic,Active,9,,
CUST00832,2023-02-16,Basic,299,West,Paid Ads,Churned,3,2023-05-17,Poor support experience
CUST00833,2024-04-10,Basic,299,North,Referral,Active,8,,
CUST00834,2024-06-04,Standard,599,West,Organic,Active,7,,
CUST00835,2024-11-08,Standard,599,South,Social Media,Active,1,,
CUST00836,2024-06-24,Basic,299,North,Social Media,Churned,2,2024-08-23,Not using enough
CUST00837,2023-08-15,Standard,599,South,Organic,Churned,7,2024-03-12,Missing features
CUST00838,2023-12-08,Standard,599,South,Social Media,Churned,12,2024-12-02,Poor support experience
CUST00839,2024-02-08,Basic,299,East,Paid Ads,Active,10,,
CUST00840,2024-06-06,Basic,299,South,Referral,Active,6,,
CUST00841,2023-07-05,Standard,599,West,Referral,Active,18,,
CUST00842,2024-09-18,Basic,299,East,Paid Ads,Active,3,,
CUST00843,2023-01-18,Basic,299,East,Organic,Churned,3,2023-04-18,Not using enough
CUST00844,2023-11-20,Basic,299,East,Organic,Churned,8,2024-07-17,Not using enough
CUST00845,2024-02-12,Standard,599,West,Organic,Churned,8,2024-10-09,Price too high
CUST00846,2023-02-28,Standard,599,East,Organic,Active,22,,
CUST00847,2023-11-06,Premium,999,East,Social Media,Active,14,,
CUST00848,2023-07-28,Standard,599,North,Referral,Churned,10,2024-05-23,Poor support experience
CUST00849,2023-08-13,Standard,599,East,Organic,Churned,10,2024-06-08,Price too high
CUST00850,2024-09-21,Basic,299,North,Social Media,Active,3,,
CUST00851,2023-04-23,Standard,599,West,Referral,Churned,7,2023-11-19,Price too high
CUST00852,2023-12-11,Standard,599,North,Organic,Active,12,,
CUST00853,2024-10-23,Basic,299,West,Organic,Active,2,,
CUST00854,2024-03-04,Basic,299,East,Social Media,Active,10,,
CUST00855,2024-01-07,Basic,299,South,Referral,Churned,5,2024-06-05,Price too high
CUST00856,2023-07-15,Basic,299,West,Organic,Churned,3,2023-10-13,Missing features
CUST00857,2023-02-20,Basic,299,West,Referral,Churned,4,2023-06-20,Price too high
CUST00858,2024-01-10,Standard,599,West,Paid Ads,Active,11,,
CUST00859,2024-10-03,Standard,599,North,Paid Ads,Active,2,,
CUST00860,2024-05-08,Premium,999,West,Paid Ads,Churned,2,2024-07-07,Technical issues
CUST00861,2024-04-12,Standard,599,South,Social Media,Churned,1,2024-05-12,Missing features
CUST00862,2023-10-20,Basic,299,East,Paid Ads,Active,14,,
CUST00863,2023-07-17,Standard,599,East,Paid Ads,Active,17,,
CUST00864,2024-04-10,Basic,299,West,Paid Ads,Churned,3,2024-07-09,Missing features
CUST00865,2023-01-14,Basic,299,North,Referral,Churned,3,2023-04-14,Poor support experience
CUST00866,2023-11-20,Standard,599,South,Organic,Active,13,,
CUST00867,2024-10-03,Premium,999,South,Paid Ads,Churned,2,2024-12-02,Price too high
CUST00868,2023-12-13,Basic,299,North,Social Media,Churned,7,2024-07-10,Poor support experience
CUST00869,2024-08-25,Standard,599,North,Referral,Active,4,,
CUST00870,2024-08-30,Premium,999,South,Referral,Active,4,,
CUST00871,2024-01-27,Basic,299,East,Referral,Active,11,,
CUST00872,2023-01-30,Standard,599,South,Paid Ads,Churned,5,2023-06-29,Missing features
CUST00873,2023-05-11,Standard,599,West,Paid Ads,Churned,19,2024-12-01,Not using enough
CUST00874,2024-11-28,Premium,999,South,Referral,Active,1,,
CUST00875,2023-12-04,Standard,599,North,Referral,Active,13,,
CUST00876,2024-07-01,Basic,299,South,Referral,Active,6,,
CUST00877,2024-04-19,Standard,599,West,Organic,Churned,4,2024-08-17,Found alternative
CUST00878,2024-10-31,Standard,599,South,Referral,Active,2,,
CUST00879,2024-03-11,Premium,999,South,Organic,Active,9,,
CUST00880,2023-01-20,Standard,599,North,Referral,Churned,12,2024-01-15,Technical issues
CUST00881,2024-11-13,Basic,299,East,Referral,Active,1,,
CUST00882,2024-07-13,Standard,599,West,Paid Ads,Active,5,,
CUST00883,2023-05-07,Standard,599,West,Paid Ads,Churned,9,2024-02-01,Found alternative
CUST00884,2024-05-17,Standard,599,South,Organic,Active,7,,
CUST00885,2023-10-10,Premium,999,South,Organic,Active,14,,
CUST00886,2024-03-13,Standard,599,West,Social Media,Active,9,,
CUST00887,2024-02-08,Premium,999,North,Organic,Active,10,,
CUST00888,2023-05-24,Basic,299,North,Paid Ads,Churned,15,2024-08-16,Found alternative
CUST00889,2023-12-17,Standard,599,NORTH,Paid Ads,Churned,11,2024-11-11,Poor support experience
CUST00890,2023-12-14,Basic,299,South,Organic,Active,12,,
CUST00891,2024-07-21,Premium,999,West,Organic,Active,5,,
CUST00892,2023-01-10,Premium,999,South,Referral,Active,24,,
CUST00893,2023-04-29,Standard,599,West,Organic,Churned,9,2024-01-24,Price too high
CUST00894,2023-04-26,Basic,299,South,Social Media,Churned,2,2023-06-25,Not using enough
CUST00895,2023-09-21,Standard,599,East,Organic,Active,15,,
CUST00896,2023-08-07,Basic,299,South,Organic,Churned,2,2023-10-06,Found alternative
CUST00897,2024-10-03,Standard,599,North,Organic,Active,2,,
CUST00898,2023-08-03,Basic,299,North,Social Media,Churned,6,2024-01-30,Not using enough
CUST00899,2023-07-31,Basic,299,South,Referral,Churned,9,2024-04-26,Price too high
CUST00900,2023-04-12,Basic,299,West,Paid Ads,Active,20,,
CUST00901,2024-04-15,Premium,999,North,Organic,Active,8,,
CUST00902,2024-04-26,Standard,599,West,Organic,Active,8,,
CUST00903,2024-01-28,Standard,599,North,Paid Ads,Churned,11,2024-12-23,Poor support experience
CUST00904,2023-07-20,Standard,599,North,Referral,Active,17,,
CUST00905,2024-06-04,Basic,299,North,Paid Ads,Churned,2,2024-08-03,Price too high
CUST00906,2023-01-14,Basic,299,West,Paid Ads,Churned,15,2024-04-08,Found alternative
CUST00907,2024-08-08,Standard,599,North,Organic,Active,4,,
CUST00908,2024-11-22,Basic,299,West,Paid Ads,Active,1,,
CUST00909,2024-02-25,Standard,599,West,Referral,Churned,2,2024-04-25,Price too high
CUST00910,2024-09-07,Basic,299,West,Social Media,Active,3,,
CUST00911,2024-10-07,Basic,299,West,Social Media,Active,2,,
CUST00912,2024-11-03,Basic,299,West,Paid Ads,Active,1,,
CUST00913,2023-03-31,Standard,599,West,Organic,Churned,17,2024-08-22,Poor support experience
CUST00914,2024-05-25,Premium,999,South,Paid Ads,Active,7,,
CUST00915,2023-04-26,Standard,599,WEST,Paid Ads,Churned,8,2023-12-22,Missing features
CUST00916,2024-08-01,Basic,299,West,Organic,Active,5,,
CUST00917,2024-03-17,Standard,599,South,Social Media,Churned,6,2024-09-13,Missing features
CUST00918,2023-05-19,Basic,299,North,,Churned,15,2024-08-11,Technical issues
CUST00919,2023-06-15,Basic,299,North,Paid Ads,Churned,15,2024-09-07,Price too high
CUST00920,2023-10-06,Basic,299,West,Referral,Churned,3,2024-01-04,Price too high
CUST00921,2024-05-13,Basic,299,North,Organic,Active,7,,
CUST00922,2024-11-03,Basic,299,East,Referral,Active,1,,
CUST00923,2024-10-26,Premium,999,North,Social Media,Active,2,,
CUST00924,2024-05-31,Basic,299,North,Organic,Churned,7,2024-12-27,Price too high
CUST00925,2024-04-15,Basic,299,North,Referral,Churned,6,2024-10-12,Technical issues
CUST00926,2023-07-11,Standard,599,North,Paid Ads,Active,17,,
CUST00927,2023-01-23,Basic,299,South,Social Media,Churned,8,2023-09-20,Poor support experience
CUST00928,2023-08-02,Basic,299,South,Organic,Churned,6,2024-01-29,Missing features
CUST00929,2023-06-14,Basic,299,East,Organic,Churned,18,2024-12-05,Poor support experience
CUST00930,2024-01-28,Basic,299,West,Organic,Active,11,,
CUST00931,2023-01-16,Basic,299,West,Organic,Active,23,,
CUST00932,2023-12-29,Basic,299,West,Organic,Churned,3,2024-03-28,Found alternative
CUST00933,2023-04-16,Basic,299,West,Organic,Churned,3,2023-07-15,Price too high
CUST00934,2024-03-19,Basic,299,West,Paid Ads,Active,9,,
CUST00935,2024-10-03,Basic,299,South,Paid Ads,Active,2,,
CUST00936,2023-08-20,Basic,299,North,Referral,Active,16,,
CUST00937,2023-05-05,Premium,999,North,Social Media,Churned,8,2023-12-31,Missing features
CUST00938,2023-06-26,Basic,299,East,Paid Ads,Churned,5,2023-11-23,Missing features
CUST00939,2023-06-06,Basic,299,East,Paid Ads,Churned,10,2024-04-01,Price too high
CUST00940,2023-08-18,Basic,299,West,Organic,Churned,2,2023-10-17,Technical issues
CUST00941,2024-01-15,Standard,599,South,Referral,Active,11,,
CUST00942,2023-12-25,Basic,299,West,Organic,Active,12,,
CUST00943,2023-03-17,Premium,999,South,Paid Ads,Active,21,,
CUST00944,2023-09-27,Standard,599,North,Organic,Churned,5,2024-02-24,Not using enough
CUST00945,2023-01-18,Standard,599,South,Paid Ads,Churned,10,2023-11-14,Poor support experience
CUST00946,2023-01-19,Standard,599,South,Social Media,Active,23,,
CUST00947,2023-08-20,Standard,599,South,Paid Ads,Active,16,,
CUST00948,2023-07-08,Premium,999,North,Social Media,Churned,16,2024-10-30,Found alternative
CUST00949,2023-10-11,Basic,299,South,Paid Ads,Active,14,,
CUST00950,2024-04-28,Standard,599,East,Paid Ads,Churned,6,2024-10-25,Found alternative
CUST00951,2023-08-13,Standard,599,South,Paid Ads,Churned,12,2024-08-07,Found alternative
CUST00952,2024-10-24,Standard,599,West,Social Media,Active,2,,
CUST00953,2024-08-12,Standard,599,South,Referral,Active,4,,
CUST00954,2024-07-24,Basic,299,North,Paid Ads,Active,5,,
CUST00955,2023-11-04,Basic,299,South,Referral,Active,14,,
CUST00956,2023-05-04,Standard,599,North,Organic,Churned,6,2023-10-31,Price too high
CUST00957,2024-02-12,Basic,299,West,Social Media,Churned,5,2024-07-11,Technical issues
CUST00958,2023-09-30,Basic,299,North,Referral,Active,15,,
CUST00959,2024-02-06,Basic,299,South,Organic,Churned,10,2024-12-02,Not using enough
CUST00960,2024-03-29,Premium,999,East,Organic,Active,9,,
CUST00961,2024-03-01,Standard,599,North,Organic,Active,10,,
CUST00962,2023-05-03,Basic,299,East,Referral,Active,20,,
CUST00963,2024-08-31,Standard,599,East,Organic,Active,4,,
CUST00964,2023-01-10,Basic,299,East,Paid Ads,Churned,10,2023-11-06,Not using enough
CUST00965,2024-08-27,Standard,599,West,Organic,Active,4,,
CUST00966,2024-09-01,Basic,299,West,Paid Ads,Active,4,,
CUST00967,2023-09-14,Standard,599,South,Organic,Active,15,,
CUST00968,2024-02-08,Standard,599,West,Paid Ads,Active,10,,
CUST00969,2024-10-06,Basic,299,West,Social Media,Active,2,,
CUST00970,2023-06-06,Premium,999,East,Organic,Churned,15,2024-08-29,Price too high
CUST00971,2024-09-02,Basic,299,West,Referral,Churned,1,2024-10-02,Poor support experience
CUST00972,2023-03-23,Basic,299,East,Organic,Churned,2,2023-05-22,Missing features
CUST00973,2024-07-26,Basic,299,North,Paid Ads,Active,5,,
CUST00974,2023-07-01,Basic,299,West,Paid Ads,Active,18,,
CUST00975,2024-10-07,Standard,599,South,Organic,Active,2,,
CUST00976,2023-12-15,Standard,599,South,Organic,Active,12,,
CUST00977,2024-08-03,Standard,599,North,Organic,Active,5,,
CUST00978,2023-12-05,Standard,599,North,Organic,Churned,3,2024-03-04,Price too high
CUST00979,2024-02-23,Standard,599,South,Referral,Active,10,,
CUST00980,2023-11-12,Standard,599,North,Paid Ads,Churned,3,2024-02-10,Not using enough
CUST00981,2023-06-25,Basic,299,East,Social Media,Churned,7,2024-01-21,Found alternative
CUST00982,2023-07-28,Premium,999,North,Referral,Active,17,,
CUST00983,2024-09-07,Basic,299,North,Referral,Active,3,,
CUST00984,2023-02-23,Basic,299,South,Paid Ads,Churned,6,2023-08-22,Price too high
CUST00985,2024-03-21,Premium,999,West,Paid Ads,Active,9,,
CUST00986,2023-06-24,Basic,299,West,Referral,Churned,2,2023-08-23,Not using enough
CUST00987,2024-09-29,Premium,999,South,Organic,Active,3,,
CUST00988,2023-09-02,Standard,599,West,Paid Ads,Churned,6,2024-02-29,Technical issues
CUST00989,2023-06-25,Standard,599,South,Paid Ads,Churned,11,2024-05-20,Found alternative
CUST00990,2023-01-02,Standard,599,South,Organic,Active,24,,
CUST00991,2023-05-04,Basic,299,East,Organic,Churned,11,2024-03-29,Poor support experience
CUST00992,2024-09-09,Basic,299,North,Paid Ads,Active,3,,
CUST00993,2023-10-07,Standard,599,South,Paid Ads,Active,15,,
CUST00994,2024-05-09,Basic,299,East,Paid Ads,Active,7,,
CUST00995,2023-03-13,Standard,599,West,Organic,Active,21,,
CUST00996,2023-09-22,Standard,599,North,Social Media,Churned,8,2024-05-19,Poor support experience
CUST00997,2023-06-13,Standard,599,West,Paid Ads,Churned,2,2023-08-12,Technical issues
CUST00998,2023-10-25,Basic,299,East,Social Media,Churned,11,2024-09-19,Missing features
CUST00999,2024-11-11,Standard,599,South,Referral,Active,1,,
CUST01000,2024-03-26,Basic,299,West,Paid Ads,Active,9,,
CUST01001,2024-03-06,Basic,299,North,Social Media,Churned,7,2024-10-02,Found alternative
CUST01002,2023-03-03,Standard,599,North,Social Media,Churned,5,2023-07-31,Technical issues
CUST01003,2024-05-13,Basic,299,South,Referral,Churned,5,2024-10-10,Not using enough
CUST01004,2024-04-09,Premium,999,South,Paid Ads,Active,8,,
CUST01005,2024-06-08,Basic,299,North,Organic,Active,6,,
CUST01006,2024-10-31,Premium,999,South,Paid Ads,Active,2,,
CUST01007,2024-02-11,Basic,299,East,Organic,Churned,10,2024-12-07,Price too high
CUST01008,2023-09-01,Basic,299,East,Organic,Churned,11,2024-07-27,Not using enough
CUST01009,2023-08-25,Basic,299,South,Organic,Churned,3,2023-11-23,Not using enough
CUST01010,2024-06-15,Basic,299,North,Paid Ads,Active,6,,
CUST01011,2024-08-04,Basic,299,East,Paid Ads,Active,4,,
CUST01012,2024-07-03,Basic,299,West,Organic,Active,6,,
CUST01013,2023-01-01,Basic,299,East,Paid Ads,Churned,3,2023-04-01,Missing features
CUST01014,2023-05-27,Standard,599,North,Organic,Active,19,,
CUST01015,2023-04-17,Basic,299,West,Organic,Churned,9,2024-01-12,Missing features
CUST01016,2023-03-29,Standard,599,South,Referral,Churned,1,2023-04-28,Not using enough
CUST01017,2023-02-02,Standard,599,North,Paid Ads,Churned,9,2023-10-30,Missing features
CUST01018,2024-06-21,Premium,999,South,Referral,Active,6,,
CUST01019,2023-09-22,Standard,599,West,Paid Ads,Active,15,,
CUST01020,2024-02-03,Basic,299,West,Paid Ads,Churned,7,2024-08-31,Price too high
CUST01021,2023-06-25,Standard,599,North,Social Media,Active,18,,
CUST01022,2024-02-20,Basic,299,South,Organic,Active,10,,
CUST01023,2024-03-03,Basic,299,South,Referral,Active,10,,
CUST01024,2024-09-11,Basic,299,South,Paid Ads,Active,3,,
CUST01025,2023-02-07,Premium,999,East,Organic,Active,23,,
CUST01026,2023-05-07,Premium,999,South,Organic,Churned,20,2024-12-27,Price too high
CUST01027,2023-10-23,Basic,299,South,Paid Ads,Active,14,,
CUST01028,2023-03-07,Basic,299,South,Organic,Churned,5,2023-08-04,Poor support experience
CUST01029,2024-02-28,Premium,999,North,Organic,Active,10,,
CUST01030,2023-09-28,Standard,599,East,Social Media,Active,15,,
CUST01031,2023-07-08,Standard,599,West,Organic,Churned,16,2024-10-30,Not using enough
CUST01032,2023-10-12,Standard,599,South,Social Media,Churned,4,2024-02-09,Price too high
CUST01033,2023-03-06,Basic,299,North,Referral,Active,22,,
CUST01034,2024-08-30,Standard,599,North,Paid Ads,Active,4,,
CUST01035,2024-07-17,Basic,299,East,Organic,Churned,3,2024-10-15,Missing features
CUST01036,2023-04-10,Standard,599,South,Organic,Churned,20,2024-11-30,Poor support experience
CUST01037,2023-06-03,Premium,999,South,Paid Ads,Churned,17,2024-10-25,Price too high
CUST01038,2024-08-30,Standard,599,North,Referral,Active,4,,
CUST01039,2024-04-20,Basic,299,North,Social Media,Churned,8,2024-12-16,Poor support experience
CUST01040,2024-10-19,Standard,599,South,Referral,Churned,1,2024-11-18,Price too high
CUST01041,2023-09-12,Premium,999,East,Referral,Active,15,,
CUST01042,2024-02-11,Basic,299,South,Organic,Churned,6,2024-08-09,Poor support experience
CUST01043,2024-03-03,Basic,299,North,Paid Ads,Churned,6,2024-08-30,Price too high
CUST01044,2024-11-29,Standard,599,West,Referral,Active,1,,
CUST01045,2023-01-17,Basic,299,South,Organic,Churned,9,2023-10-14,Found alternative
CUST01046,2023-03-16,Premium,999,North,Social Media,Churned,1,2023-04-15,Found alternative
CUST01047,2023-08-18,Standard,599,North,Referral,Active,16,,
CUST01048,2023-06-08,Premium,999,South,Organic,Active,19,,
CUST01049,2023-01-02,Basic,299,North,Paid Ads,Churned,7,2023-07-31,Price too high
CUST01050,2024-02-11,Standard,599,West,Referral,Active,10,,
CUST01051,2023-06-21,Basic,299,South,Paid Ads,Churned,2,2023-08-20,Poor support experience
CUST01052,2024-09-30,Basic,299,South,Paid Ads,Active,3,,
CUST01053,2024-08-26,Basic,299,South,Paid Ads,Active,4,,
CUST01054,2023-01-08,Standard,599,West,Paid Ads,Churned,11,2023-12-04,Price too high
CUST01055,2024-01-24,Premium,999,West,Referral,Active,11,,
CUST01056,2023-07-22,Standard,599,West,Organic,Churned,8,2024-03-18,Missing features
CUST01057,2023-09-10,Basic,299,North,Paid Ads,Churned,4,2024-01-08,Missing features
CUST01058,2024-02-02,Standard,599,East,Paid Ads,Churned,1,2024-03-03,Found alternative
CUST01059,2023-02-28,Premium,999,North,Organic,Active,22,,
CUST01060,2024-11-21,Premium,999,West,Referral,Active,1,,
CUST01061,2023-11-05,Basic,299,North,Organic,Churned,9,2024-08-01,Price too high
CUST01062,2023-04-03,Standard,599,North,Paid Ads,Churned,2,2023-06-02,Price too high
CUST01063,2024-02-16,Basic,299,West,Referral,Churned,8,2024-10-13,Found alternative
CUST01064,2024-11-20,Premium,999,East,Organic,Active,1,,
CUST01065,2024-03-30,Premium,999,West,Paid Ads,Active,9,,
CUST01066,2023-09-24,Basic,299,North,Organic,Active,15,,
CUST01067,2024-01-31,Basic,299,East,Organic,Churned,11,2024-12-26,Price too high
CUST01068,2023-03-17,Basic,299,West,Social Media,Churned,7,2023-10-13,Poor support experience
CUST01069,2024-11-23,Premium,999,North,Paid Ads,Active,1,,
CUST01070,2024-05-17,Standard,599,East,Organic,Churned,7,2024-12-13,Not using enough
CUST01071,2024-09-13,Standard,599,South,Organic,Active,3,,
CUST01072,2024-01-31,Standard,599,East,Paid Ads,Active,11,,
CUST01073,2024-03-14,Premium,999,South,Social Media,Churned,5,2024-08-11,Found alternative
CUST01074,2023-09-21,Premium,999,East,Organic,Churned,1,2023-10-21,Poor support experience
CUST01075,2023-04-02,Standard,599,West,Organic,Churned,11,2024-02-26,Missing features
CUST01076,2023-09-07,Premium,999,South,Social Media,Active,16,,
CUST01077,2024-01-21,Standard,599,South,Paid Ads,Churned,2,2024-03-21,Missing features
CUST01078,2023-08-05,Standard,599,South,Paid Ads,Churned,2,2023-10-04,Technical issues
CUST01079,2023-10-11,Standard,599,South,Organic,Churned,11,2024-09-05,Missing features
CUST01080,2023-12-10,Basic,299,North,Referral,Active,12,,
CUST01081,2023-03-17,Basic,299,South,Organic,Churned,10,2024-01-11,Not using enough
CUST01082,2024-07-03,Basic,299,West,Paid Ads,Churned,2,2024-09-01,Found alternative
CUST01083,2023-06-22,Basic,299,East,Paid Ads,Churned,4,2023-10-20,Price too high
CUST01084,2023-03-10,Basic,299,South,Paid Ads,Churned,6,2023-09-06,Missing features
CUST01085,2024-04-09,Standard,599,North,Organic,Active,8,,
CUST01086,2023-01-09,Standard,599,North,Organic,Churned,22,2024-10-30,Missing features
CUST01087,2023-09-05,Premium,999,East,Referral,Active,16,,
CUST01088,2023-09-14,Standard,599,South,Referral,Churned,3,2023-12-13,Price too high
CUST01089,2023-05-06,Standard,599,South,Referral,Active,20,,
CUST01090,2024-07-17,Standard,599,East,Organic,Active,5,,
CUST01091,2023-11-17,Basic,299,North,Referral,Active,13,,
CUST01092,2024-08-02,Standard,599,North,Referral,Churned,4,2024-11-30,Missing features
CUST01093,2024-01-19,Basic,299,South,Referral,Churned,4,2024-05-18,Not using enough
CUST01094,2023-02-15,Standard,599,West,Organic,Active,22,,
CUST01095,2024-08-26,Basic,299,South,Organic,Active,4,,
CUST01096,2024-07-17,Basic,299,West,Organic,Churned,1,2024-08-16,Poor support experience
CUST01097,2024-10-11,Standard,599,East,Organic,Active,2,,
CUST01098,2023-07-18,Basic,299,South,Organic,Churned,10,2024-05-13,Price too high
CUST01099,2024-01-24,Basic,299,South,Paid Ads,Churned,10,2024-11-19,Not using enough
CUST01100,2024-10-23,Basic,299,West,Organic,Active,2,,
CUST01101,2024-09-23,Premium,999,North,Referral,Active,3,,
CUST01102,2023-01-11,Premium,999,East,Paid Ads,Churned,11,2023-12-07,Found alternative
CUST01103,2023-12-29,Basic,299,South,Paid Ads,Churned,2,2024-02-27,Technical issues
CUST01104,2024-07-15,Premium,999,West,Organic,Active,5,,
CUST01105,2024-04-09,Standard,599,South,Social Media,Active,8,,
CUST01106,2024-04-01,Basic,299,West,Organic,Active,9,,
CUST01107,2024-05-12,Premium,999,East,Paid Ads,Churned,1,2024-06-11,Poor support experience
CUST01108,2024-05-20,Standard,599,North,Referral,Active,7,,
CUST01109,2024-02-19,Basic,299,North,Paid Ads,Churned,3,2024-05-19,Price too high
CUST01110,2024-03-19,Basic,299,West,Paid Ads,Active,9,,
CUST01111,2024-11-03,Basic,299,South,Paid Ads,Active,1,,
CUST01112,2024-03-17,Basic,299,West,Paid Ads,Churned,3,2024-06-15,Not using enough
CUST01113,2023-11-26,Premium,999,West,Referral,Active,13,,
CUST01114,2023-04-03,Standard,599,South,Organic,Churned,5,2023-08-31,Technical issues
CUST01115,2023-01-05,Basic,299,South,Referral,Active,24,,
CUST01116,2023-10-06,Standard,599,South,Social Media,Active,15,,
CUST01117,2023-12-13,Standard,599,South,Paid Ads,Active,12,,
CUST01118,2023-08-28,Premium,999,North,Organic,Active,16,,
CUST01119,2023-05-17,Basic,299,North,Paid Ads,Churned,2,2023-07-16,Missing features
CUST01120,2023-07-09,Basic,299,South,Paid Ads,Active,18,,
CUST01121,2024-09-30,Basic,299,South,Paid Ads,Active,3,,
CUST01122,2023-08-03,Basic,299,South,Referral,Active,17,,
CUST01123,2024-09-14,Premium,999,North,Social Media,Active,3,,
CUST01124,2023-12-26,Premium,999,North,Paid Ads,Churned,12,2024-12-20,Price too high
CUST01125,2024-07-31,Basic,299,North,Organic,Active,5,,
CUST01126,2024-03-08,Standard,599,West,Organic,Active,9,,
CUST01127,2024-11-14,Standard,599,East,Referral,Active,1,,
CUST01128,2023-11-30,Premium,999,North,Organic,Active,13,,
CUST01129,2023-08-08,Basic,299,North,Organic,Churned,2,2023-10-07,Not using enough
CUST01130,2023-11-09,Standard,599,North,Paid Ads,Active,13,,
CUST01131,2023-02-04,Basic,299,South,Referral,Churned,1,2023-03-06,Technical issues
CUST01132,2023-12-25,Standard,599,West,Paid Ads,Churned,2,2024-02-23,Poor support experience
CUST01133,2024-10-23,Basic,299,East,Paid Ads,Active,2,,
CUST01134,2024-04-20,Basic,299,North,Paid Ads,Active,8,,
CUST01135,2023-11-29,Basic,299,South,Social Media,Active,13,,
CUST01136,2023-02-15,Basic,299,East,Organic,Churned,1,2023-03-17,Poor support experience
CUST01137,2024-08-13,Basic,299,North,Organic,Active,4,,
CUST01138,2023-04-21,Standard,599,West,Social Media,Churned,16,2024-08-13,Found alternative
CUST01139,2023-01-22,Standard,599,North,Referral,Churned,10,2023-11-18,Found alternative
CUST01140,2024-10-22,Basic,299,South,Referral,Active,2,,
CUST01141,2023-06-09,Premium,999,South,Referral,Active,19,,
CUST01142,2024-03-25,Standard,599,North,Social Media,Active,9,,
CUST01143,2023-01-07,Basic,299,West,Organic,Churned,7,2023-08-05,Missing features
CUST01144,2023-11-02,Standard,599,North,Social Media,Active,14,,
CUST01145,2023-09-26,Premium,999,South,Organic,Active,15,,
CUST01146,2023-12-17,Basic,299,West,,Active,12,,
CUST01147,2024-07-06,Basic,299,West,Organic,Active,5,,
CUST01148,2023-08-19,Basic,299,North,Social Media,Churned,14,2024-10-12,Price too high
CUST01149,2023-12-08,Standard,599,South,Paid Ads,Churned,2,2024-02-06,Poor support experience
CUST01150,2024-03-17,Basic,299,West,Referral,Active,9,,
CUST01151,2023-09-20,Basic,299,South,Social Media,Churned,12,2024-09-14,Not using enough
CUST01152,2024-02-10,Basic,299,South,Referral,Active,10,,
CUST01153,2024-02-05,Premium,999,West,Referral,Active,11,,
CUST01154,2023-01-11,Standard,599,North,Paid Ads,Churned,1,2023-02-10,Price too high
CUST01155,2023-01-21,Premium,999,West,Organic,Churned,17,2024-06-14,Price too high
CUST01156,2023-07-31,Premium,999,South,Referral,Active,17,,
CUST01157,2024-09-26,Standard,599,West,Paid Ads,Active,3,,
CUST01158,2023-12-08,Basic,299,North,Paid Ads,Active,12,,
CUST01159,2023-05-18,Standard,599,South,Paid Ads,Active,19,,
CUST01160,2023-01-21,Basic,299,North,Social Media,Active,23,,
CUST01161,2023-05-04,Basic,299,West,Paid Ads,Churned,6,2023-10-31,Technical issues
CUST01162,2024-10-18,Standard,599,North,Organic,Active,2,,
CUST01163,2024-02-02,Basic,299,West,Paid Ads,Churned,6,2024-07-31,Price too high
CUST01164,2023-10-20,Premium,999,West,Paid Ads,Churned,8,2024-06-16,Not using enough
CUST01165,2024-10-24,Premium,999,South,Paid Ads,Active,2,,
CUST01166,2024-11-03,Standard,599,South,Organic,Active,1,,
CUST01167,2024-08-25,Premium,999,West,Social Media,Active,4,,
CUST01168,2023-10-01,Standard,599,South,,Churned,6,2024-03-29,Not using enough
CUST01169,2023-03-13,Basic,299,East,Social Media,Churned,1,2023-04-12,Found alternative
CUST01170,2024-02-06,Premium,999,East,Paid Ads,Churned,3,2024-05-06,Price too high
CUST01171,2023-12-30,Basic,299,South,Paid Ads,Churned,4,2024-04-28,Price too high
CUST01172,2024-03-11,Premium,999,West,Referral,Active,9,,
CUST01173,2024-06-12,Standard,599,North,Organic,Active,6,,
CUST01174,2023-08-24,Basic,299,West,Social Media,Active,16,,
CUST01175,2023-12-10,Basic,299,South,Social Media,Churned,8,2024-08-06,Price too high
CUST01176,2023-11-24,Premium,999,West,Referral,Active,13,,
CUST01177,2023-03-12,Basic,299,South,Social Media,Churned,11,2024-02-05,Found alternative
CUST01178,2023-02-12,Standard,599,North,Paid Ads,Churned,2,2023-04-13,Price too high
CUST01179,2024-03-21,Basic,299,North,Social Media,Churned,7,2024-10-17,Technical issues
CUST01180,2024-11-05,Premium,999,South,Organic,Active,1,,
CUST01181,2024-10-22,Standard,599,South,Paid Ads,Active,2,,
CUST01182,2023-10-10,Basic,299,North,Paid Ads,Churned,6,2024-04-07,Technical issues
CUST01183,2024-03-30,Basic,299,South,Paid Ads,Active,9,,
CUST01184,2023-09-28,Basic,299,West,Paid Ads,Churned,7,2024-04-25,Not using enough
CUST01185,2023-02-24,Standard,599,West,Social Media,Churned,12,2024-02-19,Found alternative
CUST01186,2023-07-31,Standard,599,North,Referral,Active,17,,
CUST01187,2024-06-27,Premium,999,North,Paid Ads,Active,6,,
CUST01188,2024-06-03,Basic,299,South,Organic,Churned,2,2024-08-02,Price too high
CUST01189,2024-01-24,Basic,299,West,Organic,Churned,3,2024-04-23,Price too high
CUST01190,2024-09-12,Standard,599,North,Paid Ads,Active,3,,
CUST01191,2024-11-16,Basic,299,West,Social Media,Active,1,,
CUST01192,2024-05-15,Standard,599,South,Organic,Active,7,,
CUST01193,2024-11-22,Standard,599,East,Paid Ads,Active,1,,
CUST01194,2023-11-07,Premium,999,North,Paid Ads,Churned,6,2024-05-05,Missing features
CUST01195,2024-03-26,Basic,299,North,Paid Ads,Churned,5,2024-08-23,Found alternative
CUST01196,2024-02-05,Basic,299,South,Referral,Churned,2,2024-04-05,Missing features
CUST01197,2024-02-19,Basic,299,South,Referral,Active,10,,
CUST01198,2023-09-20,Standard,599,East,Paid Ads,Churned,7,2024-04-17,Not using enough
CUST01199,2024-11-30,Basic,299,North,Paid Ads,Churned,1,2024-12-30,Found alternative
CUST01200,2024-01-04,Basic,299,South,Paid Ads,Churned,7,2024-08-01,Price too high
CUST01201,2024-01-14,Standard,599,West,Organic,Churned,9,2024-10-10,Missing features
CUST01202,2023-10-22,Basic,299,South,Paid Ads,Churned,2,2023-12-21,Poor support experience
CUST01203,2023-02-09,Basic,299,East,Paid Ads,Churned,4,2023-06-09,Not using enough
CUST01204,2024-11-05,Standard,599,North,Organic,Active,1,,
CUST01205,2024-09-20,Basic,299,North,Organic,Active,3,,
CUST01206,2023-06-17,Basic,299,West,Organic,Churned,13,2024-07-11,Poor support experience
CUST01207,2024-01-11,Premium,999,South,Paid Ads,Active,11,,
CUST01208,2024-07-04,Standard,599,South,Organic,Active,6,,
CUST01209,2024-04-24,Basic,299,West,Organic,Active,8,,
CUST01210,2023-10-29,Premium,999,West,Paid Ads,Active,14,,
CUST01211,2023-12-11,Standard,599,North,Social Media,Churned,5,2024-05-09,Poor support experience
CUST01212,2024-03-25,Basic,299,West,Referral,Active,9,,
CUST01213,2023-09-22,Basic,299,North,Social Media,Active,15,,
CUST01214,2024-04-13,Basic,299,South,Referral,Active,8,,
CUST01215,2023-10-26,Basic,299,South,Paid Ads,Churned,4,2024-02-23,Poor support experience
CUST01216,2023-10-11,Basic,299,West,,Active,14,,
CUST01217,2023-08-14,Basic,299,North,Paid Ads,Churned,14,2024-10-07,Price too high
CUST01218,2023-07-31,Basic,299,South,Paid Ads,Churned,1,2023-08-30,Technical issues
CUST01219,2023-06-30,Standard,599,West,Organic,Active,18,,
CUST01220,2023-11-23,Premium,999,North,Organic,Churned,10,2024-09-18,Price too high
CUST01221,2023-07-05,Basic,299,North,Paid Ads,Churned,16,2024-10-27,Not using enough
CUST01222,2023-08-03,Standard,599,West,Paid Ads,Churned,13,2024-08-27,Not using enough
CUST01223,2024-09-11,Standard,599,North,Paid Ads,Active,3,,
CUST01224,2023-09-04,Premium,999,South,Referral,Churned,13,2024-09-28,Found alternative
CUST01225,2024-10-20,Basic,299,North,Paid Ads,Active,2,,
CUST01226,2023-04-10,Basic,299,South,Organic,Churned,8,2023-12-06,Missing features
CUST01227,2024-04-22,Standard,599,East,Social Media,Active,8,,
CUST01228,2024-09-11,Basic,299,South,Referral,Active,3,,
CUST01229,2024-07-01,Basic,299,West,Referral,Active,6,,
CUST01230,2023-07-29,Basic,299,East,Referral,Churned,17,2024-12-20,Price too high
CUST01231,2024-05-23,Standard,599,North,Organic,Active,7,,
CUST01232,2023-07-24,Standard,599,North,Organic,Churned,1,2023-08-23,Missing features
CUST01233,2024-08-27,Standard,599,North,Paid Ads,Churned,2,2024-10-26,Price too high
CUST01234,2024-02-22,Basic,299,West,Paid Ads,Active,10,,
CUST01235,2024-04-11,Basic,299,East,Referral,Churned,2,2024-06-10,Technical issues
CUST01236,2024-10-17,Basic,299,East,Paid Ads,Active,2,,
CUST01237,2024-01-20,Standard,599,North,Organic,Active,11,,
CUST01238,2024-05-17,Basic,299,South,Social Media,Active,7,,
CUST01239,2023-08-22,Basic,299,West,Paid Ads,Churned,7,2024-03-19,Missing features
CUST01240,2024-06-16,Standard,599,West,Organic,Churned,5,2024-11-13,Technical issues
CUST01241,2024-02-08,Standard,599,South,Social Media,Active,10,,
CUST01242,2024-09-05,Standard,599,South,Organic,Active,3,,
CUST01243,2023-05-03,Standard,599,North,Organic,Active,20,,
CUST01244,2024-08-08,Basic,299,North,Organic,Active,4,,
CUST01245,2023-11-19,Standard,599,West,Organic,Active,13,,
CUST01246,2023-09-09,Basic,299,South,Paid Ads,Churned,3,2023-12-08,Found alternative
CUST01247,2023-04-06,Basic,299,West,Organic,Churned,21,2024-12-26,Not using enough
CUST01248,2023-11-05,Basic,299,South,Organic,Active,14,,
CUST01249,2023-03-23,Basic,299,West,Organic,Churned,1,2023-04-22,Poor support experience
CUST01250,2024-04-26,Basic,299,West,Organic,Churned,8,2024-12-22,Price too high
CUST01251,2023-11-11,Basic,299,North,Organic,Churned,7,2024-06-08,Price too high
CUST01252,2024-10-22,Basic,299,North,Social Media,Active,2,,
CUST01253,2024-11-05,Basic,299,South,Organic,Active,1,,
CUST01254,2023-02-16,Basic,299,South,Social Media,Churned,16,2024-06-10,Poor support experience
CUST01255,2023-03-15,Basic,299,West,Referral,Active,21,,
CUST01256,2024-01-31,Standard,599,East,Social Media,Churned,4,2024-05-30,Missing features
CUST01257,2023-03-29,Standard,599,East,Organic,Active,21,,
CUST01258,2024-10-19,Standard,599,North,Referral,Active,2,,
CUST01259,2023-11-07,Basic,299,West,Organic,Churned,14,2024-12-31,Found alternative
CUST01260,2023-08-26,Premium,999,North,Organic,Active,16,,
CUST01261,2023-07-26,Basic,299,West,Paid Ads,Churned,7,2024-02-21,Found alternative
CUST01262,2024-07-21,Standard,599,East,Referral,Active,5,,
CUST01263,2024-08-26,Basic,299,South,Organic,Active,4,,
CUST01264,2024-03-29,Basic,299,North,Organic,Active,9,,
CUST01265,2024-07-13,Basic,299,South,Paid Ads,Churned,4,2024-11-10,Technical issues
CUST01266,2024-09-26,Premium,999,North,Social Media,Active,3,,
CUST01267,2024-01-06,Basic,299,South,Organic,Churned,4,2024-05-05,Not using enough
CUST01268,2024-02-18,Basic,299,North,Organic,Churned,4,2024-06-17,Technical issues
CUST01269,2023-06-28,Premium,999,North,Paid Ads,Churned,12,2024-06-22,Missing features
CUST01270,2023-07-06,Premium,999,West,Referral,Churned,12,2024-06-30,Missing features
CUST01271,2024-09-22,Premium,999,West,Paid Ads,Active,3,,
CUST01272,2023-12-28,Premium,999,North,Paid Ads,Active,12,,
CUST01273,2024-06-15,Basic,299,East,Paid Ads,Active,6,,
CUST01274,2023-02-20,Standard,599,East,Organic,Churned,4,2023-06-20,Price too high
CUST01275,2024-01-03,Basic,299,North,Organic,Churned,12,2024-12-28,Found alternative
CUST01276,2023-01-24,Premium,999,South,Paid Ads,Churned,1,2023-02-23,Not using enough
CUST01277,2024-11-16,Standard,599,West,Social Media,Active,1,,
CUST01278,2024-03-29,Basic,299,South,Organic,Churned,3,2024-06-27,Poor support experience
CUST01279,2023-04-03,Basic,299,West,Organic,Churned,19,2024-10-24,Price too high
CUST01280,2024-08-08,Basic,299,West,Organic,Active,4,,
CUST01281,2024-03-23,Standard,599,North,Paid Ads,Active,9,,
CUST01282,2023-04-14,Basic,299,South,Organic,Churned,15,2024-07-07,Not using enough
CUST01283,2024-03-09,Premium,999,South,Paid Ads,Churned,3,2024-06-07,Poor support experience
CUST01284,2024-04-30,Basic,299,South,Social Media,Active,8,,
CUST01285,2023-10-15,Basic,299,West,Paid Ads,Churned,3,2024-01-13,Found alternative
CUST01286,2024-07-21,Basic,299,South,Organic,Churned,2,2024-09-19,Price too high
CUST01287,2024-09-12,Premium,999,South,Paid Ads,Churned,3,2024-12-11,Price too high
CUST01288,2024-01-30,Premium,999,West,Social Media,Active,11,,
CUST01289,2023-11-18,Basic,299,East,Organic,Churned,11,2024-10-13,Price too high
CUST01290,2023-05-09,Basic,299,North,Organic,Active,20,,
CUST01291,2023-11-11,Standard,599,North,Social Media,Active,13,,
CUST01292,2024-03-29,Basic,299,North,Paid Ads,Churned,9,2024-12-24,Not using enough
CUST01293,2024-02-29,Standard,599,West,Paid Ads,Active,10,,
CUST01294,2023-10-13,Premium,999,West,Referral,Active,14,,
CUST01295,2023-12-17,Standard,599,North,Paid Ads,Active,12,,
CUST01296,2023-07-31,Standard,599,West,Organic,Active,17,,
CUST01297,2023-03-08,Standard,599,West,Organic,Active,22,,
CUST01298,2024-10-14,Standard,599,North,Paid Ads,Active,2,,
CUST01299,2024-04-24,Basic,299,West,Social Media,Churned,5,2024-09-21,Price too high
CUST01300,2024-02-23,Basic,299,West,Organic,Churned,5,2024-07-22,Price too high
CUST01301,2023-11-04,Basic,299,North,Organic,Churned,7,2024-06-01,Poor support experience
CUST01302,2023-10-22,Standard,599,West,Organic,Active,14,,
CUST01303,2024-05-26,Premium,999,South,Paid Ads,Active,7,,
CUST01304,2024-01-05,Standard,599,North,Organic,Churned,5,2024-06-03,Price too high
CUST01305,2023-08-25,Standard,599,East,Paid Ads,Active,16,,
CUST01306,2024-05-26,Standard,599,South,Paid Ads,Active,7,,
CUST01307,2023-03-26,Basic,299,West,Organic,Churned,5,2023-08-23,Found alternative
CUST01308,2023-04-14,Standard,599,South,Paid Ads,Active,20,,
CUST01309,2024-05-22,Basic,299,West,Organic,Active,7,,
CUST01310,2023-05-20,Standard,599,North,Paid Ads,Churned,13,2024-06-13,Price too high
CUST01311,2023-11-26,Standard,599,North,Paid Ads,Active,13,,
CUST01312,2024-04-20,Basic,299,North,Paid Ads,Active,8,,
CUST01313,2024-10-23,Standard,599,North,Social Media,Active,2,,
CUST01314,2024-08-17,Standard,599,North,Referral,Active,4,,
CUST01315,2023-11-19,Premium,999,West,Organic,Active,13,,
CUST01316,2023-06-08,Premium,999,South,Organic,Active,19,,
CUST01317,2024-04-24,Standard,599,South,Organic,Churned,2,2024-06-23,Found alternative
CUST01318,2024-01-13,Basic,299,West,Social Media,Churned,10,2024-11-08,Poor support experience
CUST01319,2023-01-29,Basic,299,West,Social Media,Churned,15,2024-04-23,Poor support experience
CUST01320,2024-04-15,Standard,599,South,Paid Ads,Active,8,,
CUST01321,2023-10-03,Standard,599,South,Paid Ads,Churned,8,2024-05-30,Found alternative
CUST01322,2023-10-06,Standard,599,West,Referral,Active,15,,
CUST01323,2024-01-03,Basic,299,South,Referral,Active,12,,
CUST01324,2024-04-24,Premium,999,North,Paid Ads,Churned,5,2024-09-21,Not using enough
CUST01325,2023-09-25,Standard,599,South,Paid Ads,Active,15,,
CUST01326,2023-04-07,Basic,299,East,Social Media,Churned,3,2023-07-06,Found alternative
CUST01327,2024-08-21,Basic,299,South,Paid Ads,Active,4,,
CUST01328,2024-08-29,Standard,599,West,Referral,Active,4,,
CUST01329,2023-02-26,Premium,999,South,Social Media,Active,22,,
CUST01330,2024-07-20,Standard,599,South,Referral,Active,5,,
CUST01331,2024-03-31,Basic,299,West,Referral,Active,9,,
CUST01332,2024-06-16,Premium,999,South,Referral,Active,6,,
CUST01333,2023-09-07,Standard,599,West,Social Media,Active,16,,
CUST01334,2024-08-18,Basic,299,North,Organic,Active,4,,
CUST01335,2023-01-17,Standard,599,South,Organic,Churned,4,2023-05-17,Price too high
CUST01336,2023-07-22,Standard,599,South,Paid Ads,Churned,5,2023-12-19,Technical issues
CUST01337,2023-07-03,Basic,299,North,Organic,Active,18,,
CUST01338,2023-07-10,Basic,299,North,Organic,Churned,3,2023-10-08,Not using enough
CUST01339,2024-06-04,Basic,299,East,Organic,Active,7,,
CUST01340,2024-02-26,Standard,599,West,Referral,Active,10,,
CUST01341,2023-01-20,Basic,299,North,Paid Ads,Churned,2,2023-03-21,Poor support experience
CUST01342,2024-09-13,Standard,599,South,Referral,Active,3,,
CUST01343,2024-04-18,Basic,299,South,Organic,Churned,2,2024-06-17,Not using enough
CUST01344,2024-11-27,Basic,299,West,Organic,Active,1,,
CUST01345,2023-06-20,Basic,299,South,Organic,Churned,5,2023-11-17,Price too high
CUST01346,2024-10-24,Basic,299,West,Social Media,Active,2,,
CUST01347,2024-05-05,Premium,999,North,Paid Ads,Active,8,,
CUST01348,2024-09-08,Basic,299,North,Social Media,Active,3,,
CUST01349,2023-01-11,Basic,299,West,Paid Ads,Churned,13,2024-02-05,Found alternative
CUST01350,2024-05-12,Premium,999,North,Paid Ads,Churned,3,2024-08-10,Missing features
CUST01351,2024-03-08,Basic,299,South,Organic,Active,9,,
CUST01352,2023-02-07,Basic,299,West,Paid Ads,Churned,4,2023-06-07,Found alternative
CUST01353,2023-05-27,Standard,599,South,Social Media,Active,19,,
CUST01354,2024-01-25,Basic,299,South,Paid Ads,Active,11,,
CUST01355,2023-11-14,Standard,599,East,Organic,Active,13,,
CUST01356,2024-03-07,Basic,299,East,Social Media,Active,9,,
CUST01357,2024-02-17,Basic,299,West,Social Media,Churned,1,2024-03-18,Missing features
CUST01358,2024-04-29,Standard,599,South,Organic,Active,8,,
CUST01359,2023-03-07,Basic,299,South,Social Media,Active,22,,
CUST01360,2023-03-19,Standard,599,North,Organic,Churned,19,2024-10-09,Found alternative
CUST01361,2024-01-11,Basic,299,North,Referral,Active,11,,
CUST01362,2024-02-06,Premium,999,North,Social Media,Active,10,,
CUST01363,2024-07-16,Premium,999,South,Organic,Active,5,,
CUST01364,2023-04-10,Basic,299,South,Organic,Churned,2,2023-06-09,Not using enough
CUST01365,2024-08-17,Premium,999,North,Organic,Active,4,,
CUST01366,2024-09-04,Premium,999,South,Organic,Active,3,,
CUST01367,2023-02-20,Basic,299,South,Organic,Churned,6,2023-08-19,Price too high
CUST01368,2023-12-30,Basic,299,South,Social Media,Churned,6,2024-06-27,Found alternative
CUST01369,2024-03-11,Basic,299,North,Social Media,Active,9,,
CUST01370,2024-01-13,Basic,299,West,Social Media,Active,11,,
CUST01371,2024-04-30,Standard,599,East,Organic,Churned,3,2024-07-29,Found alternative
CUST01372,2024-04-20,Standard,599,North,Organic,Active,8,,
CUST01373,2024-03-10,Standard,599,South,Organic,Active,9,,
CUST01374,2023-06-03,Premium,999,West,Organic,Active,19,,
CUST01375,2023-01-22,Basic,299,East,Paid Ads,Churned,3,2023-04-22,Poor support experience
CUST01376,2024-01-13,Basic,299,West,Organic,Active,11,,
CUST01377,2024-09-15,Standard,599,West,Social Media,Active,3,,
CUST01378,2023-01-22,Basic,299,South,Referral,Churned,19,2024-08-14,Poor support experience
CUST01379,2023-05-13,Basic,299,South,Organic,Churned,6,2023-11-09,Found alternative
CUST01380,2024-09-07,Premium,999,South,Referral,Active,3,,
CUST01381,2024-11-10,Standard,599,North,Paid Ads,Active,1,,
CUST01382,2023-04-29,Basic,299,East,Paid Ads,Churned,5,2023-09-26,Missing features
CUST01383,2023-06-08,Standard,599,North,Social Media,Churned,2,2023-08-07,Missing features
CUST01384,2024-06-17,Basic,299,East,Organic,Active,6,,
CUST01385,2023-06-03,Basic,299,West,Organic,Active,19,,
CUST01386,2023-08-25,Premium,999,South,Referral,Active,16,,
CUST01387,2023-10-09,Standard,599,West,Organic,Active,14,,
CUST01388,2023-02-22,Basic,299,North,Paid Ads,Active,22,,
CUST01389,2024-01-27,Premium,999,South,Organic,Active,11,,
CUST01390,2024-01-17,Basic,299,West,Organic,Active,11,,
CUST01391,2024-05-01,Basic,299,North,Paid Ads,Active,8,,
CUST01392,2023-11-25,Premium,999,South,Paid Ads,Churned,7,2024-06-22,Poor support experience
CUST01393,2024-02-25,Basic,299,North,Paid Ads,Active,10,,
CUST01394,2023-09-26,Standard,599,North,Paid Ads,Churned,14,2024-11-19,Missing features
CUST01395,2023-11-18,Standard,599,West,Organic,Active,13,,
CUST01396,2024-10-05,Basic,299,West,Organic,Active,2,,
CUST01397,2023-12-05,Basic,299,East,Organic,Active,13,,
CUST01398,2023-01-19,Premium,999,South,Organic,Active,23,,
CUST01399,2023-12-11,Standard,599,North,Paid Ads,Active,12,,
CUST01400,2024-07-05,Basic,299,South,Social Media,Churned,2,2024-09-03,Found alternative
CUST01401,2023-10-30,Standard,599,North,Organic,Active,14,,
CUST01402,2024-11-13,Standard,599,North,Paid Ads,Active,1,,
CUST01403,2024-02-11,Premium,999,South,Social Media,Active,10,,
CUST01404,2024-05-29,Standard,599,East,Social Media,Churned,2,2024-07-28,Missing features
CUST01405,2023-10-06,Standard,599,North,Paid Ads,Active,15,,
CUST01406,2023-11-12,Basic,299,North,Referral,Churned,2,2024-01-11,Not using enough
CUST01407,2024-05-18,Basic,299,North,Organic,Active,7,,
CUST01408,2023-08-17,Basic,299,West,Organic,Churned,2,2023-10-16,Missing features
CUST01409,2024-02-13,Standard,599,North,Referral,Churned,9,2024-11-09,Poor support experience
CUST01410,2024-04-09,Standard,599,South,Organic,Churned,2,2024-06-08,Not using enough
CUST01411,2023-08-19,Premium,999,North,Referral,Active,16,,
CUST01412,2024-11-20,Standard,599,North,Paid Ads,Active,1,,
CUST01413,2023-06-11,Basic,299,East,Referral,Churned,8,2024-02-06,Found alternative
CUST01414,2024-09-22,Premium,999,South,Organic,Churned,3,2024-12-21,Technical issues
CUST01415,2023-02-12,Basic,299,West,Paid Ads,Churned,5,2023-07-12,Price too high
CUST01416,2024-08-16,Basic,299,South,Paid Ads,Active,4,,
CUST01417,2023-05-16,Basic,299,South,Paid Ads,Churned,1,2023-06-15,Price too high
CUST01418,2024-07-02,Premium,999,North,Social Media,Active,6,,
CUST01419,2023-12-16,Premium,999,South,Paid Ads,Active,12,,
CUST01420,2024-05-13,Basic,299,West,Paid Ads,Churned,1,2024-06-12,Not using enough
CUST01421,2024-06-07,Standard,599,East,Paid Ads,Active,6,,
CUST01422,2024-02-05,Basic,299,East,Organic,Churned,8,2024-10-02,Price too high
CUST01423,2023-09-12,Basic,299,North,Organic,Churned,7,2024-04-09,Price too high
CUST01424,2023-01-13,Premium,999,East,Organic,Churned,7,2023-08-11,Missing features
CUST01425,2023-10-29,Standard,599,West,Organic,Active,14,,
CUST01426,2023-08-13,Basic,299,West,Social Media,Churned,1,2023-09-12,Found alternative
CUST01427,2024-04-16,Basic,299,South,Organic,Churned,3,2024-07-15,Not using enough
CUST01428,2024-09-01,Premium,999,South,Social Media,Active,4,,
CUST01429,2023-02-22,Basic,299,West,Organic,Churned,17,2024-07-16,Price too high
CUST01430,2023-04-17,Premium,999,South,Organic,Active,20,,
CUST01431,2023-07-26,Standard,599,South,Referral,Churned,12,2024-07-20,Technical issues
CUST01432,2024-01-29,Standard,599,South,Social Media,Active,11,,
CUST01433,2024-05-12,Standard,599,South,Organic,Churned,5,2024-10-09,Missing features
CUST01434,2023-09-23,Premium,999,North,Social Media,Active,15,,
CUST01435,2024-04-18,Standard,599,South,Referral,Active,8,,
CUST01436,2024-09-12,Standard,599,North,Social Media,Active,3,,
CUST01437,2024-05-21,Basic,299,North,Paid Ads,Churned,4,2024-09-18,Missing features
CUST01438,2024-04-08,Premium,999,North,Paid Ads,Churned,4,2024-08-06,Price too high
CUST01439,2024-10-09,Standard,599,South,Paid Ads,Active,2,,
CUST01440,2023-01-12,Basic,299,North,Organic,Active,23,,
CUST01441,2024-08-06,Standard,599,West,Paid Ads,Active,4,,
CUST01442,2024-07-30,Basic,299,West,Social Media,Active,5,,
CUST01443,2024-05-12,Standard,599,East,Referral,Active,7,,
CUST01444,2023-10-15,Basic,299,West,Paid Ads,Active,14,,
CUST01445,2023-02-20,Standard,599,West,Organic,Churned,22,2024-12-11,Price too high
CUST01446,2023-11-23,Basic,299,West,Social Media,Churned,1,2023-12-23,Missing features
CUST01447,2023-11-01,Basic,299,West,Referral,Active,14,,
CUST01448,2024-08-13,Basic,299,West,Social Media,Active,4,,
CUST01449,2024-10-02,Basic,299,West,Social Media,Active,3,,
CUST01450,2023-08-03,Basic,299,North,Paid Ads,Churned,10,2024-05-29,Price too high
CUST01451,2024-03-30,Basic,299,South,Paid Ads,Churned,8,2024-11-25,Found alternative
CUST01452,2023-06-19,Standard,599,South,Organic,Churned,5,2023-11-16,Poor support experience
CUST01453,2024-05-04,Basic,299,South,Organic,Churned,5,2024-10-01,Technical issues
CUST01454,2023-02-15,Standard,599,East,Social Media,Churned,10,2023-12-12,Missing features
CUST01455,2023-05-19,Basic,299,West,Organic,Active,19,,
CUST01456,2024-08-03,Basic,299,South,Organic,Active,5,,
CUST01457,2023-02-18,Basic,299,East,Organic,Churned,13,2024-03-14,Not using enough
CUST01458,2023-06-22,Basic,299,South,Organic,Active,18,,
CUST01459,2023-03-17,Basic,299,South,Organic,Churned,5,2023-08-14,Poor support experience
CUST01460,2024-05-30,Basic,299,NORTH,Organic,Churned,3,2024-08-28,Missing features
CUST01461,2023-09-20,Premium,999,West,Referral,Active,15,,
CUST01462,2023-06-21,Standard,599,North,Paid Ads,Churned,10,2024-04-16,Price too high
CUST01463,2024-02-08,Basic,299,North,Social Media,Churned,9,2024-11-04,Poor support experience
CUST01464,2023-06-24,Premium,999,West,Social Media,Active,18,,
CUST01465,2024-06-16,Basic,299,East,Organic,Churned,1,2024-07-16,Price too high
CUST01466,2024-01-27,Basic,299,South,Paid Ads,Churned,2,2024-03-27,Missing features
CUST01467,2023-06-03,Standard,599,South,Paid Ads,Churned,12,2024-05-28,Poor support experience
CUST01468,2024-03-04,Premium,999,West,Referral,Churned,4,2024-07-02,Price too high
CUST01469,2023-09-01,Standard,599,South,Paid Ads,Active,16,,
CUST01470,2023-09-05,Basic,299,South,Social Media,Churned,6,2024-03-03,Technical issues
CUST01471,2024-10-03,Basic,299,South,,Active,2,,
CUST01472,2023-11-28,Premium,999,West,Referral,Active,13,,
CUST01473,2023-12-04,Basic,299,North,Social Media,Churned,3,2024-03-03,Found alternative
CUST01474,2023-07-14,Standard,599,West,Referral,Active,17,,
CUST01475,2024-05-25,Standard,599,North,Paid Ads,Churned,3,2024-08-23,Technical issues
CUST01476,2023-11-14,Standard,599,North,Paid Ads,Active,13,,
CUST01477,2023-10-16,Premium,999,South,Referral,Active,14,,
CUST01478,2024-05-24,Premium,999,North,Organic,Churned,7,2024-12-20,Found alternative
CUST01479,2023-02-20,Premium,999,South,Paid Ads,Churned,14,2024-04-15,Found alternative
CUST01480,2024-05-11,Standard,599,East,Paid Ads,Active,7,,
CUST01481,2023-11-11,Standard,599,South,Paid Ads,Churned,11,2024-10-06,Not using enough
CUST01482,2023-01-01,Basic,299,South,Referral,Active,24,,
CUST01483,2023-03-14,Premium,999,South,Paid Ads,Active,21,,
CUST01484,2023-05-04,Basic,299,South,Organic,Churned,8,2023-12-30,Not using enough
CUST01485,2023-01-26,Basic,299,South,Organic,Churned,3,2023-04-26,Missing features
CUST01486,2023-04-24,Standard,599,South,Referral,Churned,20,2024-12-14,Price too high
CUST01487,2023-04-16,Standard,599,East,Referral,Active,20,,
CUST01488,2024-01-23,Basic,299,South,Organic,Active,11,,
CUST01489,2024-04-23,Standard,599,West,Referral,Churned,7,2024-11-19,Found alternative
CUST01490,2023-11-09,Standard,599,East,Referral,Active,13,,
CUST01491,2023-09-25,Standard,599,East,Paid Ads,Churned,3,2023-12-24,Poor support experience
CUST01492,2023-11-29,Standard,599,South,Organic,Active,13,,
CUST01493,2023-01-09,Basic,299,North,Social Media,Churned,9,2023-10-06,Found alternative
CUST01494,2023-01-16,Standard,599,West,Organic,Churned,8,2023-09-13,Found alternative
CUST01495,2023-08-21,Basic,299,North,Organic,Churned,16,2024-12-13,Found alternative
CUST01496,2023-01-18,Standard,599,North,Paid Ads,Active,23,,
CUST01497,2024-04-29,Standard,599,South,Referral,Active,8,,
CUST01498,2024-02-22,Basic,299,South,Social Media,Churned,3,2024-05-22,Price too high
CUST01499,2024-02-23,Premium,999,North,Paid Ads,Active,10,,
CUST01500,2023-08-26,Basic,299,North,Organic,Churned,14,2024-10-19,Not using enough
CUST01501,2023-01-23,Premium,999,East,Paid Ads,Active,23,,
CUST01502,2023-04-06,Basic,299,South,Social Media,Active,21,,
CUST01503,2023-03-17,Basic,299,West,Paid Ads,Churned,14,2024-05-10,Poor support experience
CUST01504,2023-01-06,Basic,299,East,Organic,Active,24,,
CUST01505,2023-03-17,Premium,999,South,Referral,Active,21,,
CUST01506,2024-11-08,Standard,599,North,Organic,Churned,1,2024-12-08,Price too high
CUST01507,2023-06-30,Basic,299,North,Paid Ads,Churned,3,2023-09-28,Found alternative
CUST01508,2023-06-24,Standard,599,North,Paid Ads,Active,18,,
CUST01509,2024-05-23,Standard,599,West,Social Media,Active,7,,
CUST01510,2023-07-23,Standard,599,South,Paid Ads,Churned,7,2024-02-18,Price too high
CUST01511,2024-06-10,Standard,599,North,Paid Ads,Active,6,,
CUST01512,2024-05-04,Premium,999,North,Referral,Active,8,,
CUST01513,2024-03-13,Standard,599,North,Paid Ads,Active,9,,
CUST01514,2024-06-23,Basic,299,North,Organic,Active,6,,
CUST01515,2023-08-22,Basic,299,South,Paid Ads,Churned,10,2024-06-17,Poor support experience
CUST01516,2024-05-19,Basic,299,South,Referral,Active,7,,
CUST01517,2023-08-22,Premium,999,South,Social Media,Active,16,,
CUST01518,2023-05-10,Standard,599,West,Social Media,Active,20,,
CUST01519,2023-09-26,Basic,299,North,Paid Ads,Churned,14,2024-11-19,Price too high
CUST01520,2024-08-29,Premium,999,West,Organic,Active,4,,
CUST01521,2023-10-06,Basic,299,West,Paid Ads,Churned,7,2024-05-03,Found alternative
CUST01522,2023-11-27,Basic,299,West,Paid Ads,Active,13,,
CUST01523,2023-03-08,Basic,299,West,Organic,Churned,16,2024-06-30,Price too high
CUST01524,2023-07-29,Premium,999,South,Paid Ads,Active,17,,
CUST01525,2024-11-13,Basic,299,North,Organic,Active,1,,
CUST01526,2024-01-02,Basic,299,South,Organic,Churned,6,2024-06-30,Missing features
CUST01527,2024-07-03,Standard,599,West,Social Media,Active,6,,
CUST01528,2023-06-15,Basic,299,West,Referral,Churned,12,2024-06-09,Price too high
CUST01529,2023-08-14,Standard,599,West,Referral,Churned,9,2024-05-10,Found alternative
CUST01530,2024-09-08,Basic,299,North,Organic,Active,3,,
CUST01531,2023-01-23,Standard,599,North,Organic,Churned,18,2024-07-16,Price too high
CUST01532,2023-12-13,Basic,299,West,Referral,Churned,6,2024-06-10,Technical issues
CUST01533,2023-06-24,Basic,299,West,Social Media,Churned,1,2023-07-24,Found alternative
CUST01534,2023-11-25,Basic,299,South,Organic,Churned,6,2024-05-23,Poor support experience
CUST01535,2024-09-21,Basic,299,South,Organic,Active,3,,
CUST01536,2023-08-15,Basic,299,East,Paid Ads,Churned,8,2024-04-11,Found alternative
CUST01537,2023-08-11,Premium,999,West,Paid Ads,Churned,3,2023-11-09,Price too high
CUST01538,2024-07-22,Premium,999,East,,Active,5,,
CUST01539,2024-07-16,Standard,599,West,Paid Ads,Churned,5,2024-12-13,Missing features
CUST01540,2023-05-13,Premium,999,South,Organic,Active,19,,
CUST01541,2023-01-14,Premium,999,West,Organic,Active,23,,
CUST01542,2024-10-23,Standard,599,South,Referral,Active,2,,
CUST01543,2024-05-23,Standard,599,South,Organic,Active,7,,
CUST01544,2023-02-15,Standard,599,West,Paid Ads,Churned,5,2023-07-15,Missing features
CUST01545,2024-11-15,Basic,299,East,Paid Ads,Active,1,,
CUST01546,2023-08-19,Standard,599,South,Social Media,Churned,13,2024-09-12,Poor support experience
CUST01547,2023-03-03,Standard,599,South,Referral,Churned,15,2024-05-26,Not using enough
CUST01548,2023-05-08,Premium,999,South,Paid Ads,Active,20,,
CUST01549,2024-11-13,Standard,599,West,Referral,Active,1,,
CUST01550,2024-03-14,Standard,599,North,Organic,Churned,3,2024-06-12,Not using enough
CUST01551,2023-05-30,Premium,999,North,Organic,Active,19,,
CUST01552,2023-02-14,Basic,299,East,Referral,Churned,9,2023-11-11,Missing features
CUST01553,2023-03-31,Basic,299,South,Paid Ads,Churned,12,2024-03-25,Found alternative
CUST01554,2023-04-09,Standard,599,North,Organic,Active,21,,
CUST01555,2024-03-29,Basic,299,East,Paid Ads,Churned,6,2024-09-25,Missing features
CUST01556,2023-05-25,Premium,999,South,Paid Ads,Active,19,,
CUST01557,2024-08-29,Standard,599,North,Referral,Active,4,,
CUST01558,2023-12-02,Standard,599,North,Referral,Active,13,,
CUST01559,2024-09-26,Standard,599,North,Paid Ads,Churned,3,2024-12-25,Price too high
CUST01560,2023-08-12,Standard,599,West,Social Media,Churned,9,2024-05-08,Price too high
CUST01561,2023-02-12,Standard,599,North,Referral,Churned,3,2023-05-13,Poor support experience
CUST01562,2024-03-14,Premium,999,South,Organic,Active,9,,
CUST01563,2023-03-20,Basic,299,North,Paid Ads,Active,21,,
CUST01564,2023-09-08,Standard,599,North,Referral,Active,16,,
CUST01565,2023-05-23,Basic,299,West,Referral,Active,19,,
CUST01566,2023-11-09,Premium,999,West,Paid Ads,Active,13,,
CUST01567,2024-10-25,Standard,599,South,Organic,Active,2,,
CUST01568,2024-01-22,Basic,299,North,Paid Ads,Churned,10,2024-11-17,Found alternative
CUST01569,2024-04-11,Basic,299,West,Organic,Churned,7,2024-11-07,Poor support experience
CUST01570,2023-01-22,Premium,999,South,Organic,Churned,8,2023-09-19,Price too high
CUST01571,2024-09-07,Standard,599,North,Paid Ads,Active,3,,
CUST01572,2024-06-20,Standard,599,South,Paid Ads,Active,6,,
CUST01573,2023-01-15,Basic,299,NORTH,Organic,Churned,15,2024-04-09,Technical issues
CUST01574,2024-10-16,Standard,599,North,Social Media,Active,2,,
CUST01575,2024-06-16,Premium,999,West,Paid Ads,Active,6,,
CUST01576,2024-06-20,Basic,299,East,Paid Ads,Active,6,,
CUST01577,2023-10-14,Basic,299,North,Referral,Churned,7,2024-05-11,Found alternative
CUST01578,2024-05-23,Basic,299,West,Paid Ads,Churned,5,2024-10-20,Price too high
CUST01579,2023-01-20,Standard,599,South,Social Media,Churned,1,2023-02-19,Price too high
CUST01580,2024-04-22,Premium,999,West,Paid Ads,Active,8,,
CUST01581,2023-10-03,Standard,599,South,Referral,Active,15,,
CUST01582,2023-06-12,Standard,599,South,Social Media,Churned,5,2023-11-09,Price too high
CUST01583,2024-11-27,Premium,999,North,Paid Ads,Active,1,,
CUST01584,2024-04-17,Basic,299,West,Paid Ads,Churned,4,2024-08-15,Poor support experience
CUST01585,2023-11-30,Standard,599,North,Organic,Active,13,,
CUST01586,2023-08-23,Basic,299,North,Referral,Churned,6,2024-02-19,Price too high
CUST01587,2024-11-13,Standard,599,North,Referral,Active,1,,
CUST01588,2024-11-08,Basic,299,North,Organic,Active,1,,
CUST01589,2023-03-29,Premium,999,South,Social Media,Active,21,,
CUST01590,2023-04-08,Basic,299,West,Referral,Churned,2,2023-06-07,Price too high
CUST01591,2023-10-17,Basic,299,South,Social Media,Churned,7,2024-05-14,Price too high
CUST01592,2024-01-13,Basic,299,East,Paid Ads,Churned,3,2024-04-12,Price too high
CUST01593,2024-05-03,Basic,299,East,Paid Ads,Active,8,,
CUST01594,2024-02-02,Basic,299,South,Social Media,Churned,6,2024-07-31,Not using enough
CUST01595,2024-01-17,Standard,599,West,Referral,Churned,6,2024-07-15,Technical issues
CUST01596,2024-06-21,Basic,299,East,Paid Ads,Active,6,,
CUST01597,2023-02-27,Basic,299,North,Referral,Active,22,,
CUST01598,2023-05-12,Standard,599,West,Social Media,Churned,7,2023-12-08,Found alternative
CUST01599,2024-08-02,Standard,599,North,Paid Ads,Active,5,,
CUST01600,2023-06-18,Standard,599,North,Organic,Active,18,,
CUST01601,2023-08-02,Premium,999,West,Social Media,Active,17,,
CUST01602,2024-07-30,Basic,299,South,Organic,Active,5,,
CUST01603,2023-11-03,Basic,299,West,Referral,Active,14,,
CUST01604,2023-07-14,Standard,599,South,Organic,Churned,1,2023-08-13,Found alternative
CUST01605,2023-08-12,Standard,599,South,Paid Ads,Active,16,,
CUST01606,2023-08-28,Standard,599,South,Social Media,Active,16,,
CUST01607,2023-09-16,Standard,599,South,Paid Ads,Active,15,,
CUST01608,2023-07-18,Basic,299,South,Paid Ads,Active,17,,
CUST01609,2024-11-01,Standard,599,North,Organic,Active,2,,
CUST01610,2023-06-29,Standard,599,South,Paid Ads,Churned,6,2023-12-26,Price too high
CUST01611,2023-05-08,Standard,599,North,Social Media,Churned,3,2023-08-06,Not using enough
CUST01612,2023-02-24,Standard,599,West,Organic,Churned,8,2023-10-22,Price too high
CUST01613,2023-08-25,Basic,299,North,Paid Ads,Churned,8,2024-04-21,Found alternative
CUST01614,2024-08-03,Premium,999,West,Referral,Active,5,,
CUST01615,2023-06-04,Premium,999,South,Organic,Active,19,,
CUST01616,2023-11-26,Basic,299,South,Referral,Active,13,,
CUST01617,2023-04-15,Standard,599,North,Social Media,Churned,12,2024-04-09,Price too high
CUST01618,2024-07-06,Standard,599,North,Organic,Churned,1,2024-08-05,Not using enough
CUST01619,2023-06-20,Standard,599,East,Paid Ads,Churned,2,2023-08-19,Poor support experience
CUST01620,2023-10-21,Premium,999,South,Organic,Churned,2,2023-12-20,Price too high
CUST01621,2023-02-21,Standard,599,West,Social Media,Churned,21,2024-11-12,Missing features
CUST01622,2023-01-26,Basic,299,West,Referral,Active,23,,
CUST01623,2024-05-01,Standard,599,South,Paid Ads,Active,8,,
CUST01624,2023-09-13,Standard,599,South,Organic,Active,15,,
CUST01625,2023-10-19,Premium,999,North,Paid Ads,Active,14,,
CUST01626,2023-09-06,Premium,999,North,Paid Ads,Active,16,,
CUST01627,2024-03-10,Standard,599,North,Organic,Active,9,,
CUST01628,2023-05-20,Premium,999,West,Organic,Active,19,,
CUST01629,2023-06-04,Standard,599,East,Referral,Active,19,,
CUST01630,2023-10-07,Basic,299,South,Organic,Churned,6,2024-04-04,Price too high
CUST01631,2024-03-27,Standard,599,East,Paid Ads,Churned,3,2024-06-25,Price too high
CUST01632,2023-10-23,Standard,599,West,Social Media,Active,14,,
CUST01633,2024-05-30,Basic,299,North,Paid Ads,Active,7,,
CUST01634,2024-05-27,Standard,599,East,Referral,Active,7,,
CUST01635,2024-11-09,Basic,299,East,Organic,Active,1,,
CUST01636,2023-06-13,Premium,999,North,Social Media,Active,18,,
CUST01637,2023-08-06,Basic,299,East,Paid Ads,Active,17,,
CUST01638,2024-09-25,Basic,299,North,Social Media,Churned,2,2024-11-24,Poor support experience
CUST01639,2023-10-07,Premium,999,West,Social Media,Churned,4,2024-02-04,Price too high
CUST01640,2024-01-06,Standard,599,North,Social Media,Active,12,,
CUST01641,2023-05-26,Basic,299,West,Social Media,Churned,4,2023-09-23,Missing features
CUST01642,2024-10-01,Standard,599,West,Paid Ads,Active,3,,
CUST01643,2024-04-15,Standard,599,South,Referral,Active,8,,
CUST01644,2023-09-02,Standard,599,West,Paid Ads,Churned,5,2024-01-30,Found alternative
CUST01645,2024-02-22,Standard,599,South,Organic,Churned,6,2024-08-20,Poor support experience
CUST01646,2023-12-24,Basic,299,North,Organic,Churned,10,2024-10-19,Poor support experience
CUST01647,2023-03-20,Standard,599,East,Paid Ads,Active,21,,
CUST01648,2023-08-09,Standard,599,West,Paid Ads,Active,17,,
CUST01649,2024-08-14,Basic,299,South,Social Media,Churned,2,2024-10-13,Missing features
CUST01650,2024-07-29,Premium,999,East,Referral,Active,5,,
CUST01651,2023-08-13,Premium,999,North,Paid Ads,Active,16,,
CUST01652,2023-02-07,Premium,999,West,Referral,Churned,14,2024-04-02,Technical issues
CUST01653,2024-01-30,Basic,299,West,Organic,Churned,4,2024-05-29,Missing features
CUST01654,2023-05-29,Premium,999,West,Paid Ads,Churned,10,2024-03-24,Price too high
CUST01655,2023-12-27,Basic,299,East,Organic,Churned,5,2024-05-25,Price too high
CUST01656,2024-10-02,Standard,599,East,Paid Ads,Churned,3,2024-12-31,Poor support experience
CUST01657,2023-08-07,Premium,999,West,Organic,Active,17,,
CUST01658,2023-10-17,Premium,999,West,Social Media,Active,14,,
CUST01659,2023-01-27,Standard,599,South,Organic,Churned,22,2024-11-17,Not using enough
CUST01660,2024-06-06,Standard,599,East,Referral,Active,6,,
CUST01661,2023-12-14,Standard,599,North,Paid Ads,Churned,7,2024-07-11,Technical issues
CUST01662,2024-03-30,Basic,299,East,Organic,Active,9,,
CUST01663,2024-01-04,Basic,299,West,Organic,Churned,12,2024-12-29,Price too high
CUST01664,2024-06-15,Standard,599,South,Social Media,Active,6,,
CUST01665,2024-03-27,Basic,299,South,Organic,Churned,9,2024-12-22,Not using enough
CUST01666,2024-09-20,Basic,299,North,Paid Ads,Active,3,,
CUST01667,2024-05-01,Basic,299,East,Organic,Churned,7,2024-11-27,Price too high
CUST01668,2024-03-21,Standard,599,South,Social Media,Active,9,,
CUST01669,2023-05-14,Standard,599,South,Paid Ads,Churned,9,2024-02-08,Price too high
CUST01670,2023-11-13,Basic,299,West,Organic,Churned,2,2024-01-12,Price too high
CUST01671,2023-06-20,Basic,299,North,Organic,Churned,3,2023-09-18,Found alternative
CUST01672,2024-08-06,Basic,299,North,Organic,Churned,2,2024-10-05,Missing features
CUST01673,2024-11-22,Basic,299,South,,Active,1,,
CUST01674,2024-02-25,Standard,599,West,Organic,Active,10,,
CUST01675,2024-03-04,Basic,299,North,Referral,Churned,2,2024-05-03,Missing features
CUST01676,2024-08-11,Premium,999,North,Organic,Active,4,,
CUST01677,2024-01-24,Basic,299,East,Referral,Churned,1,2024-02-23,Technical issues
CUST01678,2023-05-11,Standard,599,West,Referral,Active,20,,
CUST01679,2024-02-04,Basic,299,East,Organic,Churned,3,2024-05-04,Found alternative
CUST01680,2023-10-18,Standard,599,West,Social Media,Active,14,,
CUST01681,2023-12-31,Basic,299,South,Paid Ads,Churned,3,2024-03-30,Poor support experience
CUST01682,2023-10-06,Standard,599,South,Organic,Churned,9,2024-07-02,Price too high
CUST01683,2023-06-12,Premium,999,EAST,Organic,Churned,12,2024-06-06,Technical issues
CUST01684,2023-09-03,Standard,599,South,Paid Ads,Churned,2,2023-11-02,Price too high
CUST01685,2023-07-26,Basic,299,North,Organic,Churned,13,2024-08-19,Not using enough
CUST01686,2024-08-21,Premium,999,West,Organic,Active,4,,
CUST01687,2023-04-17,Standard,599,East,Paid Ads,Active,20,,
CUST01688,2023-07-06,Basic,299,East,Paid Ads,Churned,12,2024-06-30,Not using enough
CUST01689,2023-03-17,Basic,299,North,Referral,Active,21,,
CUST01690,2023-06-04,Basic,299,South,Referral,Churned,11,2024-04-29,Price too high
CUST01691,2023-02-10,Basic,299,West,Referral,Active,23,,
CUST01692,2024-07-18,Standard,599,North,Referral,Churned,4,2024-11-15,Price too high
CUST01693,2024-03-07,Basic,299,West,Organic,Churned,3,2024-06-05,Poor support experience
CUST01694,2023-08-06,Premium,999,North,Paid Ads,Churned,3,2023-11-04,Poor support experience
CUST01695,2023-02-05,Basic,299,South,Organic,Churned,16,2024-05-30,Technical issues
CUST01696,2023-09-08,Standard,599,South,Organic,Churned,10,2024-07-04,Missing features
CUST01697,2023-07-13,Standard,599,West,Organic,Churned,16,2024-11-04,Price too high
CUST01698,2023-11-23,Premium,999,East,Social Media,Churned,7,2024-06-20,Price too high
CUST01699,2024-08-28,Basic,299,North,Referral,Active,4,,
CUST01700,2023-04-09,Premium,999,West,Social Media,Active,21,,
CUST01701,2024-04-08,Basic,299,North,Paid Ads,Active,8,,
CUST01702,2024-02-18,Standard,599,South,Referral,Active,10,,
CUST01703,2023-11-06,Premium,999,South,Referral,Active,14,,
CUST01704,2023-09-15,Standard,599,North,Paid Ads,Active,15,,
CUST01705,2023-04-05,Premium,999,South,Organic,Active,21,,
CUST01706,2024-04-18,Standard,599,North,Paid Ads,Active,8,,
CUST01707,2024-10-16,Standard,599,West,Paid Ads,Active,2,,
CUST01708,2023-09-01,Basic,299,North,Referral,Churned,16,2024-12-24,Poor support experience
CUST01709,2023-04-18,Standard,599,East,Paid Ads,Churned,10,2024-02-12,Poor support experience
CUST01710,2024-01-10,Standard,599,West,Referral,Active,11,,
CUST01711,2024-11-13,Premium,999,South,Organic,Active,1,,
CUST01712,2024-06-20,Premium,999,South,Paid Ads,Active,6,,
CUST01713,2023-12-01,Standard,599,West,Social Media,Active,13,,
CUST01714,2023-11-06,Premium,999,North,Organic,Churned,9,2024-08-02,Missing features
CUST01715,2023-01-15,Standard,599,North,Organic,Churned,6,2023-07-14,Price too high
CUST01716,2024-06-07,Standard,599,West,Paid Ads,Churned,3,2024-09-05,Price too high
CUST01717,2023-04-19,Basic,299,South,Organic,Churned,1,2023-05-19,Missing features
CUST01718,2023-04-11,Basic,299,North,Paid Ads,Churned,7,2023-11-07,Price too high
CUST01719,2024-04-20,Basic,299,West,Paid Ads,Churned,3,2024-07-19,Not using enough
CUST01720,2024-05-10,Premium,999,West,Paid Ads,Active,7,,
CUST01721,2023-10-27,Premium,999,West,Paid Ads,Active,14,,
CUST01722,2023-02-04,Standard,599,South,Referral,Churned,1,2023-03-06,Poor support experience
CUST01723,2024-10-03,Basic,299,East,Social Media,Churned,1,2024-11-02,Technical issues
CUST01724,2024-02-27,Basic,299,North,Paid Ads,Churned,1,2024-03-28,Found alternative
CUST01725,2024-10-06,Standard,599,North,Paid Ads,Active,2,,
CUST01726,2024-07-25,Standard,599,South,Social Media,Active,5,,
CUST01727,2024-07-30,Standard,599,South,Social Media,Active,5,,
CUST01728,2024-04-01,Premium,999,East,Organic,Active,9,,
CUST01729,2024-05-13,Basic,299,West,Organic,Active,7,,
CUST01730,2024-09-07,Premium,999,North,Social Media,Active,3,,
CUST01731,2024-09-22,Basic,299,North,Organic,Active,3,,
CUST01732,2023-11-29,Standard,599,West,Organic,Active,13,,
CUST01733,2024-04-01,Standard,599,South,Paid Ads,Active,9,,
CUST01734,2023-02-17,Premium,999,West,Paid Ads,Active,22,,
CUST01735,2024-04-15,Standard,599,East,Organic,Active,8,,
CUST01736,2023-05-03,Basic,299,West,Social Media,Churned,14,2024-06-26,Poor support experience
CUST01737,2024-01-06,Basic,299,North,Organic,Churned,9,2024-10-02,Technical issues
CUST01738,2023-09-24,Basic,299,North,Organic,Churned,7,2024-04-21,Price too high
CUST01739,2023-09-05,Standard,599,North,Organic,Churned,1,2023-10-05,Poor support experience
CUST01740,2024-08-06,Basic,299,South,Organic,Active,4,,
CUST01741,2023-03-10,Basic,299,West,Organic,Churned,4,2023-07-08,Poor support experience
CUST01742,2023-09-30,Standard,599,East,Organic,Churned,4,2024-01-28,Found alternative
CUST01743,2023-03-09,Basic,299,East,Referral,Active,22,,
CUST01744,2023-03-06,Premium,999,North,Paid Ads,Active,22,,
CUST01745,2023-10-19,Basic,299,South,Organic,Active,14,,
CUST01746,2023-07-24,Basic,299,South,Social Media,Active,17,,
CUST01747,2023-04-20,Premium,999,North,Social Media,Churned,11,2024-03-15,Found alternative
CUST01748,2024-02-18,Premium,999,East,Organic,Active,10,,
CUST01749,2023-05-09,Premium,999,North,Paid Ads,Churned,2,2023-07-08,Poor support experience
CUST01750,2024-09-03,Basic,299,North,Social Media,Active,3,,
CUST01751,2023-10-16,Standard,599,South,Paid Ads,Churned,4,2024-02-13,Poor support experience
CUST01752,2024-09-22,Basic,299,West,Organic,Active,3,,
CUST01753,2023-07-03,Basic,299,North,Referral,Active,18,,
CUST01754,2023-08-11,Basic,299,North,Paid Ads,Churned,12,2024-08-05,Price too high
CUST01755,2024-08-22,Basic,299,West,Paid Ads,Active,4,,
CUST01756,2024-01-20,Premium,999,East,Referral,Active,11,,
CUST01757,2024-05-28,Premium,999,West,Social Media,Active,7,,
CUST01758,2023-09-11,Basic,299,West,Referral,Active,15,,
CUST01759,2023-08-23,Basic,299,West,Paid Ads,Churned,8,2024-04-19,Not using enough
CUST01760,2024-10-12,Basic,299,North,Organic,Active,2,,
CUST01761,2024-10-11,Basic,299,West,Referral,Active,2,,
CUST01762,2023-08-04,Basic,299,West,Paid Ads,Churned,6,2024-01-31,Missing features
CUST01763,2024-07-31,Premium,999,West,Organic,Churned,4,2024-11-28,Not using enough
CUST01764,2024-07-23,Standard,599,South,Paid Ads,Churned,2,2024-09-21,Price too high
CUST01765,2023-03-25,Standard,599,North,Paid Ads,Churned,2,2023-05-24,Not using enough
CUST01766,2023-11-14,Premium,999,West,Paid Ads,Churned,12,2024-11-08,Missing features
CUST01767,2024-09-16,Standard,599,West,Organic,Active,3,,
CUST01768,2023-07-23,Standard,599,South,Organic,Churned,6,2024-01-19,Missing features
CUST01769,2023-03-01,Basic,299,West,Organic,Churned,5,2023-07-29,Price too high
CUST01770,2024-06-28,Basic,299,West,Organic,Active,6,,
CUST01771,2024-01-07,Premium,999,South,Paid Ads,Churned,10,2024-11-02,Missing features
CUST01772,2023-10-09,Standard,599,South,Referral,Churned,2,2023-12-08,Poor support experience
CUST01773,2023-02-19,Standard,599,South,Paid Ads,Churned,2,2023-04-20,Price too high
CUST01774,2024-02-27,Standard,599,South,Organic,Active,10,,
CUST01775,2023-06-13,Standard,599,North,Organic,Churned,14,2024-08-06,Poor support experience
CUST01776,2024-08-09,Standard,599,North,Organic,Active,4,,
CUST01777,2024-01-28,Premium,999,West,Paid Ads,Active,11,,
CUST01778,2024-05-18,Standard,599,North,Organic,Churned,3,2024-08-16,Missing features
CUST01779,2024-11-11,Standard,599,South,Organic,Active,1,,
CUST01780,2024-08-04,Standard,599,North,Organic,Churned,2,2024-10-03,Not using enough
CUST01781,2023-12-15,Basic,299,South,Referral,Active,12,,
CUST01782,2024-07-26,Premium,999,North,Organic,Active,5,,
CUST01783,2023-02-20,Standard,599,South,Referral,Active,22,,
CUST01784,2023-05-05,Standard,599,North,Social Media,Active,20,,
CUST01785,2023-12-07,Standard,599,South,Organic,Churned,1,2024-01-06,Found alternative
CUST01786,2024-03-07,Premium,999,West,Paid Ads,Churned,3,2024-06-05,Price too high
CUST01787,2024-07-18,Premium,999,North,,Active,5,,
CUST01788,2023-02-16,Standard,599,West,Referral,Active,22,,
CUST01789,2023-07-08,Premium,999,South,Referral,Churned,14,2024-08-31,Found alternative
CUST01790,2023-08-25,Basic,299,South,Social Media,Active,16,,
CUST01791,2024-02-14,Standard,599,West,Social Media,Active,10,,
CUST01792,2023-10-07,Standard,599,North,Organic,Active,15,,
CUST01793,2024-02-14,Basic,299,South,Referral,Active,10,,
CUST01794,2024-10-28,Basic,299,West,Referral,Active,2,,
CUST01795,2023-07-10,Basic,299,South,Paid Ads,Churned,6,2024-01-06,Price too high
CUST01796,2023-08-09,Basic,299,South,Organic,Churned,12,2024-08-03,Poor support experience
CUST01797,2023-07-14,Basic,299,South,Organic,Churned,7,2024-02-09,Not using enough
CUST01798,2023-09-21,Premium,999,North,Social Media,Active,15,,
CUST01799,2024-03-31,Premium,999,West,Organic,Active,9,,
CUST01800,2024-08-07,Standard,599,East,Organic,Active,4,,
CUST01801,2023-09-30,Basic,299,East,Organic,Active,15,,
CUST01802,2023-11-23,Basic,299,East,Organic,Churned,13,2024-12-17,Poor support experience
CUST01803,2024-11-07,Standard,599,East,Paid Ads,Churned,1,2024-12-07,Price too high
CUST01804,2023-03-05,Premium,999,North,Organic,Churned,9,2023-11-30,Price too high
CUST01805,2023-11-15,Standard,599,West,Organic,Active,13,,
CUST01806,2024-03-23,Standard,599,South,Paid Ads,Active,9,,
CUST01807,2023-09-21,Basic,299,West,Social Media,Active,15,,
CUST01808,2024-06-29,Premium,999,South,Referral,Active,6,,
CUST01809,2024-10-11,Premium,999,North,Organic,Active,2,,
CUST01810,2023-12-10,Standard,599,West,Paid Ads,Active,12,,
CUST01811,2024-06-26,Basic,299,North,Paid Ads,Active,6,,
CUST01812,2023-11-22,Premium,999,North,Organic,Churned,11,2024-10-17,Found alternative
CUST01813,2023-09-17,Basic,299,East,Referral,Churned,5,2024-02-14,Price too high
CUST01814,2024-01-08,Basic,299,West,Paid Ads,Churned,8,2024-09-04,Poor support experience
CUST01815,2024-08-04,Basic,299,North,Organic,Active,4,,
CUST01816,2023-05-13,Standard,599,South,Organic,Churned,7,2023-12-09,Poor support experience
CUST01817,2024-01-23,Standard,599,North,Referral,Active,11,,
CUST01818,2024-01-10,Premium,999,North,,Active,11,,
CUST01819,2024-05-11,Standard,599,South,Paid Ads,Active,7,,
CUST01820,2024-02-19,Premium,999,East,Paid Ads,Active,10,,
CUST01821,2023-10-12,Basic,299,West,Social Media,Active,14,,
CUST01822,2023-10-13,Standard,599,South,Social Media,Churned,14,2024-12-06,Found alternative
CUST01823,2023-03-27,Basic,299,East,Referral,Churned,1,2023-04-26,Poor support experience
CUST01824,2024-07-06,Premium,999,West,Paid Ads,Active,5,,
CUST01825,2024-03-25,Standard,599,North,Paid Ads,Active,9,,
CUST01826,2023-11-20,Basic,299,South,Social Media,Churned,3,2024-02-18,Missing features
CUST01827,2024-11-14,Basic,299,North,Social Media,Active,1,,
CUST01828,2023-05-12,Basic,299,South,Paid Ads,Active,19,,
CUST01829,2024-10-22,Basic,299,West,Referral,Active,2,,
CUST01830,2023-07-09,Basic,299,North,Organic,Churned,1,2023-08-08,Missing features
CUST01831,2023-10-29,Basic,299,East,Organic,Churned,8,2024-06-25,Not using enough
CUST01832,2024-02-08,Basic,299,West,Social Media,Churned,4,2024-06-07,Price too high
CUST01833,2024-07-30,Premium,999,South,Referral,Active,5,,
CUST01834,2023-08-18,Basic,299,North,Organic,Churned,14,2024-10-11,Price too high
CUST01835,2023-10-15,Standard,599,South,Organic,Active,14,,
CUST01836,2024-09-21,Standard,599,North,Organic,Active,3,,
CUST01837,2024-03-17,Basic,299,East,Organic,Active,9,,
CUST01838,2023-11-13,Standard,599,West,Organic,Active,13,,
CUST01839,2024-05-30,Standard,599,West,Social Media,Active,7,,
CUST01840,2023-03-08,Standard,599,West,Organic,Churned,20,2024-10-28,Found alternative
CUST01841,2024-09-13,Standard,599,East,Referral,Active,3,,
CUST01842,2023-05-30,Premium,999,West,Paid Ads,Churned,13,2024-06-23,Price too high
CUST01843,2023-10-01,Standard,599,East,Organic,Active,15,,
CUST01844,2024-06-26,Standard,599,West,Referral,Active,6,,
CUST01845,2024-09-23,Standard,599,West,Organic,Active,3,,
CUST01846,2024-03-23,Basic,299,West,Paid Ads,Active,9,,
CUST01847,2023-11-10,Standard,599,North,Social Media,Churned,9,2024-08-06,Not using enough
CUST01848,2023-12-05,Standard,599,South,Referral,Churned,13,2024-12-29,Price too high
CUST01849,2023-02-05,Basic,299,North,Paid Ads,Churned,5,2023-07-05,Poor support experience
CUST01850,2024-07-04,Basic,299,North,Paid Ads,Churned,5,2024-12-01,Found alternative
CUST01851,2024-07-01,Basic,299,West,Social Media,Churned,4,2024-10-29,Technical issues
CUST01852,2024-09-03,Standard,599,South,Organic,Active,3,,
CUST01853,2024-08-13,Premium,999,West,Organic,Active,4,,
CUST01854,2023-08-08,Standard,599,South,Paid Ads,Active,17,,
CUST01855,2024-04-22,Basic,299,West,Referral,Active,8,,
CUST01856,2024-10-05,Basic,299,North,Paid Ads,Active,2,,
CUST01857,2023-02-01,Basic,299,North,Organic,Active,23,,
CUST01858,2023-02-23,Basic,299,West,,Churned,1,2023-03-25,Not using enough
CUST01859,2024-07-07,Basic,299,West,Social Media,Churned,2,2024-09-05,Poor support experience
CUST01860,2023-10-01,Basic,299,East,Organic,Churned,12,2024-09-25,Price too high
CUST01861,2024-06-26,Basic,299,North,Organic,Churned,1,2024-07-26,Not using enough
CUST01862,2023-01-07,Standard,599,North,Organic,Active,24,,
CUST01863,2024-03-23,Standard,599,South,Organic,Churned,6,2024-09-19,Price too high
CUST01864,2023-10-08,Basic,299,East,Organic,Active,15,,
CUST01865,2024-11-09,Standard,599,North,Social Media,Active,1,,
CUST01866,2024-04-17,Premium,999,East,Paid Ads,Churned,2,2024-06-16,Found alternative
CUST01867,2024-02-05,Basic,299,West,Paid Ads,Churned,7,2024-09-02,Poor support experience
CUST01868,2024-09-01,Standard,599,East,Organic,Churned,1,2024-10-01,Technical issues
CUST01869,2024-09-16,Basic,299,East,Referral,Active,3,,
CUST01870,2023-03-18,Basic,299,South,Organic,Active,21,,
CUST01871,2023-11-09,Standard,599,North,Organic,Active,13,,
CUST01872,2024-05-05,Basic,299,South,Referral,Active,8,,
CUST01873,2024-09-18,Basic,299,North,Paid Ads,Churned,2,2024-11-17,Price too high
CUST01874,2024-01-18,Premium,999,West,Organic,Churned,8,2024-09-14,Price too high
CUST01875,2024-03-02,Standard,599,North,Organic,Active,10,,
CUST01876,2024-01-30,Standard,599,South,Organic,Active,11,,
CUST01877,2023-10-29,Basic,299,North,Social Media,Churned,9,2024-07-25,Price too high
CUST01878,2023-11-05,Standard,599,West,Organic,Active,14,,
CUST01879,2024-02-05,Basic,299,North,Referral,Active,11,,
CUST01880,2024-06-28,Basic,299,West,Organic,Churned,4,2024-10-26,Found alternative
CUST01881,2024-09-20,Standard,599,South,Paid Ads,Active,3,,
CUST01882,2023-04-09,Premium,999,North,Referral,Active,21,,
CUST01883,2023-11-23,Premium,999,East,Paid Ads,Active,13,,
CUST01884,2024-01-26,Basic,299,West,Referral,Churned,1,2024-02-25,Technical issues
CUST01885,2024-08-16,Basic,299,West,Organic,Active,4,,
CUST01886,2023-08-05,Premium,999,East,Paid Ads,Churned,11,2024-06-30,Poor support experience
CUST01887,2023-05-31,Basic,299,West,Paid Ads,Churned,1,2023-06-30,Not using enough
CUST01888,2024-07-20,Premium,999,West,Paid Ads,Active,5,,
CUST01889,2024-05-25,Basic,299,East,Social Media,Active,7,,
CUST01890,2023-06-13,Standard,599,South,Paid Ads,Active,18,,
CUST01891,2023-06-13,Standard,599,North,Social Media,Churned,13,2024-07-07,Technical issues
CUST01892,2024-09-29,Premium,999,East,Social Media,Active,3,,
CUST01893,2023-11-20,Basic,299,North,Referral,Active,13,,
CUST01894,2024-01-03,Basic,299,North,Organic,Churned,6,2024-07-01,Found alternative
CUST01895,2024-07-12,Standard,599,North,Organic,Active,5,,
CUST01896,2024-02-15,Basic,299,South,Organic,Churned,3,2024-05-15,Poor support experience
CUST01897,2023-08-01,Basic,299,South,Organic,Churned,6,2024-01-28,Missing features
CUST01898,2023-11-27,Standard,599,South,Organic,Active,13,,
CUST01899,2023-08-10,Standard,599,South,Paid Ads,Churned,10,2024-06-05,Found alternative
CUST01900,2023-10-27,Standard,599,East,Paid Ads,Churned,10,2024-08-22,Not using enough
CUST01901,2023-01-04,Premium,999,South,Paid Ads,Active,24,,
CUST01902,2023-08-09,Basic,299,North,Social Media,Churned,7,2024-03-06,Not using enough
CUST01903,2023-06-05,Basic,299,South,Organic,Active,19,,
CUST01904,2024-01-29,Standard,599,East,Referral,Churned,7,2024-08-26,Price too high
CUST01905,2024-07-03,Basic,299,South,Paid Ads,Churned,6,2024-12-30,Price too high
CUST01906,2023-04-24,Premium,999,East,Organic,Churned,4,2023-08-22,Not using enough
CUST01907,2024-05-07,Basic,299,North,Paid Ads,Churned,6,2024-11-03,Poor support experience
CUST01908,2023-08-22,Basic,299,West,Organic,Active,16,,
CUST01909,2024-05-10,Basic,299,North,Referral,Active,7,,
CUST01910,2024-03-28,Standard,599,West,Organic,Churned,3,2024-06-26,Price too high
CUST01911,2023-03-27,Basic,299,North,Paid Ads,Active,21,,
CUST01912,2023-12-04,Standard,599,South,Social Media,Active,13,,
CUST01913,2024-01-25,Basic,299,East,Paid Ads,Churned,4,2024-05-24,Missing features
CUST01914,2023-05-10,Premium,999,East,Paid Ads,Active,20,,
CUST01915,2024-07-30,Basic,299,West,Social Media,Churned,2,2024-09-28,Missing features
CUST01916,2024-05-28,Standard,599,West,Organic,Active,7,,
CUST01917,2023-08-02,Basic,299,West,Organic,Churned,7,2024-02-28,Technical issues
CUST01918,2023-01-21,Standard,599,South,Referral,Churned,21,2024-10-12,Price too high
CUST01919,2023-12-19,Basic,299,East,Paid Ads,Active,12,,
CUST01920,2024-09-30,Basic,299,South,Organic,Active,3,,
CUST01921,2023-06-04,Basic,299,West,Referral,Active,19,,
CUST01922,2024-01-08,Standard,599,North,Paid Ads,Active,11,,
CUST01923,2023-03-23,Basic,299,West,Referral,Churned,2,2023-05-22,Price too high
CUST01924,2023-08-01,Standard,599,South,Social Media,Churned,6,2024-01-28,Poor support experience
CUST01925,2023-10-26,Standard,599,South,Organic,Churned,7,2024-05-23,Price too high
CUST01926,2023-07-05,Standard,599,East,Organic,Active,18,,
CUST01927,2023-05-01,Basic,299,North,Paid Ads,Churned,11,2024-03-26,Price too high
CUST01928,2024-07-20,Basic,299,South,Organic,Active,5,,
CUST01929,2023-04-20,Standard,599,West,Paid Ads,Active,20,,
CUST01930,2024-03-08,Basic,299,West,Paid Ads,Churned,8,2024-11-03,Price too high
CUST01931,2024-05-19,Standard,599,West,Referral,Churned,3,2024-08-17,Price too high
CUST01932,2023-11-17,Premium,999,West,Paid Ads,Churned,6,2024-05-15,Found alternative
CUST01933,2024-04-23,Standard,599,West,Paid Ads,Active,8,,
CUST01934,2023-08-20,Basic,299,West,Organic,Active,16,,
CUST01935,2023-01-04,Premium,999,West,Social Media,Active,24,,
CUST01936,2024-03-10,Basic,299,West,Paid Ads,Churned,6,2024-09-06,Technical issues
CUST01937,2023-05-24,Premium,999,West,Organic,Active,19,,
CUST01938,2024-09-16,Premium,999,East,Referral,Active,3,,
CUST01939,2023-07-08,Standard,599,South,Paid Ads,Churned,7,2024-02-03,Price too high
CUST01940,2024-02-06,Basic,299,North,Referral,Churned,7,2024-09-03,Price too high
CUST01941,2024-06-25,Basic,299,South,Referral,Active,6,,
CUST01942,2023-07-14,Standard,599,South,Referral,Churned,3,2023-10-12,Price too high
CUST01943,2023-04-20,Basic,299,West,Social Media,Churned,2,2023-06-19,Technical issues
CUST01944,2023-08-15,Basic,299,South,Referral,Active,16,,
CUST01945,2023-07-03,Standard,599,East,Referral,Churned,13,2024-07-27,Poor support experience
CUST01946,2023-09-09,Basic,299,North,Referral,Churned,14,2024-11-02,Technical issues
CUST01947,2024-09-06,Premium,999,South,Organic,Active,3,,
CUST01948,2024-06-21,Basic,299,North,Organic,Active,6,,
CUST01949,2023-04-22,Premium,999,North,Referral,Active,20,,
CUST01950,2024-08-07,Standard,599,West,Social Media,Active,4,,
CUST01951,2024-03-30,Premium,999,North,Referral,Active,9,,
CUST01952,2024-07-11,Basic,299,North,Social Media,Active,5,,
CUST01953,2024-02-16,Standard,599,South,Social Media,Active,10,,
CUST01954,2024-11-27,Premium,999,West,Referral,Active,1,,
CUST01955,2023-09-04,Basic,299,North,Referral,Active,16,,
CUST01956,2023-12-12,Standard,599,West,Organic,Churned,4,2024-04-10,Price too high
CUST01957,2024-11-28,Standard,599,East,Paid Ads,Active,1,,
CUST01958,2024-11-10,Standard,599,East,Social Media,Active,1,,
CUST01959,2024-02-24,Standard,599,South,Social Media,Churned,7,2024-09-21,Found alternative
CUST01960,2023-04-17,Premium,999,South,Referral,Churned,10,2024-02-11,Price too high
CUST01961,2023-05-10,Premium,999,West,Referral,Active,20,,
CUST01962,2024-08-31,Standard,599,North,Paid Ads,Active,4,,
CUST01963,2023-04-24,Standard,599,West,Referral,Active,20,,
CUST01964,2023-12-09,Standard,599,South,Paid Ads,Churned,6,2024-06-06,Poor support experience
CUST01965,2023-10-03,Standard,599,North,Referral,Churned,5,2024-03-01,Technical issues
CUST01966,2024-06-21,Basic,299,North,Organic,Active,6,,
CUST01967,2024-04-08,Basic,299,North,Paid Ads,Churned,3,2024-07-07,Found alternative
CUST01968,2024-01-10,Premium,999,South,Paid Ads,Active,11,,
CUST01969,2024-02-08,Standard,599,West,Paid Ads,Churned,10,2024-12-04,Found alternative
CUST01970,2024-10-28,Standard,599,West,Organic,Active,2,,
CUST01971,2023-10-25,Basic,299,South,Referral,Active,14,,
CUST01972,2023-12-18,Standard,599,West,Organic,Churned,11,2024-11-12,Price too high
CUST01973,2023-02-17,Basic,299,East,Paid Ads,Churned,13,2024-03-13,Price too high
CUST01974,2024-08-16,Basic,299,East,Paid Ads,Churned,3,2024-11-14,Poor support experience
CUST01975,2024-04-23,Basic,299,East,Paid Ads,Active,8,,
CUST01976,2024-11-27,Basic,299,South,Paid Ads,Active,1,,
CUST01977,2024-09-04,Basic,299,South,Paid Ads,Churned,1,2024-10-04,Poor support experience
CUST01978,2023-06-18,Premium,999,West,Organic,Churned,6,2023-12-15,Missing features
CUST01979,2023-10-27,Basic,299,South,Paid Ads,Churned,6,2024-04-24,Price too high
CUST01980,2024-03-02,Basic,299,South,Organic,Active,10,,
CUST01981,2024-09-30,Basic,299,East,Organic,Active,3,,
CUST01982,2023-03-01,Premium,999,West,Organic,Active,22,,
CUST01983,2024-03-03,Standard,599,North,Organic,Churned,8,2024-10-29,Price too high
CUST01984,2024-07-21,Standard,599,South,Social Media,Churned,3,2024-10-19,Missing features
CUST01985,2024-07-04,Standard,599,West,Paid Ads,Active,6,,
CUST01986,2024-06-15,Basic,299,South,Organic,Active,6,,
CUST01987,2024-11-29,Basic,299,West,Organic,Active,1,,
CUST01988,2023-02-25,Standard,599,West,Paid Ads,Churned,17,2024-07-19,Price too high
CUST01989,2023-07-26,Basic,299,South,Social Media,Churned,8,2024-03-22,Found alternative
CUST01990,2023-05-19,Premium,999,West,Organic,Active,19,,
CUST01991,2024-04-10,Basic,299,East,Social Media,Active,8,,
CUST01992,2023-07-11,Standard,599,East,Social Media,Churned,16,2024-11-02,Found alternative
CUST01993,2023-06-17,Standard,599,East,Organic,Active,18,,
CUST01994,2023-11-28,Standard,599,East,Paid Ads,Churned,4,2024-03-27,Found alternative
CUST01995,2023-11-09,Premium,999,North,Organic,Active,13,,
CUST01996,2023-08-07,Basic,299,North,Paid Ads,Churned,7,2024-03-04,Missing features
CUST01997,2024-10-03,Basic,299,West,Paid Ads,Active,2,,
CUST01998,2024-11-19,Basic,299,South,Organic,Churned,1,2024-12-19,Technical issues
CUST01999,2023-09-26,Premium,999,South,Organic,Active,15,,
CUST02000,2023-04-04,Standard,599,North,Organic,Active,21,,
CUST02001,2024-02-10,Basic,299,West,Organic,Active,10,,
CUST02002,2023-03-10,Standard,599,West,Referral,Churned,3,2023-06-08,Price too high
CUST02003,2023-05-21,Basic,299,East,Organic,Churned,10,2024-03-16,Price too high
CUST02004,2023-08-31,Basic,299,North,Organic,Churned,3,2023-11-29,Not using enough
CUST02005,2023-10-01,Standard,599,North,Paid Ads,Churned,10,2024-07-27,Poor support experience
CUST02006,2023-03-20,Standard,599,East,Organic,Active,21,,
CUST02007,2024-02-14,Standard,599,West,Organic,Active,10,,
CUST02008,2023-11-28,Standard,599,East,Organic,Active,13,,
CUST02009,2024-10-06,Basic,299,South,Organic,Active,2,,
CUST02010,2023-03-09,Premium,999,West,Paid Ads,Churned,12,2024-03-03,Found alternative
CUST02011,2023-12-22,Basic,299,West,Referral,Churned,5,2024-05-20,Price too high
CUST02012,2023-09-08,Premium,999,North,Referral,Active,16,,
CUST02013,2024-07-21,Basic,299,North,Referral,Churned,2,2024-09-19,Price too high
CUST02014,2023-10-29,Basic,299,North,Organic,Churned,2,2023-12-28,Found alternative
CUST02015,2024-03-12,Premium,999,East,Paid Ads,Churned,3,2024-06-10,Not using enough
CUST02016,2024-11-28,Standard,599,South,Organic,Active,1,,
CUST02017,2023-12-30,Basic,299,South,Organic,Churned,4,2024-04-28,Price too high
CUST02018,2024-08-08,Basic,299,South,Paid Ads,Active,4,,
CUST02019,2023-03-29,Premium,999,South,Organic,Churned,5,2023-08-26,Price too high
CUST02020,2023-04-12,Basic,299,West,Paid Ads,Churned,1,2023-05-12,Not using enough
CUST02021,2023-07-07,Premium,999,South,Social Media,Churned,13,2024-07-31,Price too high
CUST02022,2023-11-08,Basic,299,North,Paid Ads,Churned,2,2024-01-07,Price too high
CUST02023,2024-07-13,Standard,599,South,Paid Ads,Churned,5,2024-12-10,Missing features
CUST02024,2024-03-18,Premium,999,West,Paid Ads,Active,9,,
CUST02025,2023-06-10,Standard,599,North,Referral,Churned,9,2024-03-06,Not using enough
CUST02026,2024-01-19,Basic,299,West,Social Media,Active,11,,
CUST02027,2024-02-05,Basic,299,West,Paid Ads,Churned,4,2024-06-04,Not using enough
CUST02028,2024-08-11,Basic,299,North,Paid Ads,Active,4,,
CUST02029,2023-07-11,Standard,599,South,Referral,Active,17,,
CUST02030,2024-06-09,Basic,299,North,Organic,Churned,6,2024-12-06,Price too high
CUST02031,2024-09-17,Basic,299,South,Organic,Active,3,,
CUST02032,2024-03-06,Basic,299,North,Referral,Active,10,,
CUST02033,2023-09-27,Standard,599,North,Referral,Churned,14,2024-11-20,Found alternative
CUST02034,2023-02-08,Standard,599,East,Paid Ads,Churned,1,2023-03-10,Missing features
CUST02035,2024-02-18,Basic,299,East,Organic,Churned,1,2024-03-19,Price too high
CUST02036,2023-02-22,Premium,999,West,Referral,Active,22,,
CUST02037,2024-08-12,Standard,599,North,Paid Ads,Active,4,,
CUST02038,2024-09-07,Premium,999,East,Social Media,Active,3,,
CUST02039,2023-01-28,Standard,599,South,Referral,Churned,6,2023-07-27,Technical issues
CUST02040,2023-04-03,Standard,599,East,Organic,Churned,9,2023-12-29,Missing features
CUST02041,2024-03-11,Basic,299,West,Referral,Active,9,,
CUST02042,2024-01-24,Basic,299,West,Referral,Active,11,,
CUST02043,2024-09-26,Premium,999,West,Paid Ads,Churned,3,2024-12-25,Technical issues
CUST02044,2024-01-27,Standard,599,South,Organic,Churned,10,2024-11-22,Technical issues
CUST02045,2023-03-11,Basic,299,North,Social Media,Churned,4,2023-07-09,Missing features
CUST02046,2023-09-22,Basic,299,South,Organic,Churned,10,2024-07-18,Technical issues
CUST02047,2023-02-19,Premium,999,West,Paid Ads,Churned,8,2023-10-17,Not using enough
CUST02048,2024-01-27,Standard,599,South,Social Media,Active,11,,
CUST02049,2024-09-23,Basic,299,West,Paid Ads,Active,3,,
CUST02050,2023-10-05,Standard,599,South,Organic,Active,15,,
CUST02051,2024-05-16,Standard,599,West,Paid Ads,Churned,2,2024-07-15,Not using enough
CUST02052,2023-10-08,Basic,299,West,Paid Ads,Churned,1,2023-11-07,Poor support experience
CUST02053,2023-11-14,Premium,999,West,Organic,Active,13,,
CUST02054,2023-06-17,Standard,599,South,Organic,Churned,2,2023-08-16,Found alternative
CUST02055,2024-04-02,Standard,599,East,Paid Ads,Active,9,,
CUST02056,2023-08-11,Basic,299,North,Social Media,Churned,10,2024-06-06,Price too high
CUST02057,2023-04-04,Premium,999,North,Referral,Active,21,,
CUST02058,2023-08-09,Basic,299,North,Organic,Churned,13,2024-09-02,Not using enough
CUST02059,2023-02-15,Premium,999,North,Paid Ads,Active,22,,
CUST02060,2023-11-06,Standard,599,West,Social Media,Active,14,,
CUST02061,2024-05-06,Basic,299,North,Paid Ads,Active,7,,
CUST02062,2023-05-31,Premium,999,West,Organic,Churned,14,2024-07-24,Not using enough
CUST02063,2023-02-01,Basic,299,West,Paid Ads,Churned,1,2023-03-03,Found alternative
CUST02064,2023-08-26,Premium,999,South,Referral,Active,16,,
CUST02065,2024-09-28,Standard,599,North,Referral,Active,3,,
CUST02066,2024-10-21,Basic,299,South,Organic,Active,2,,
CUST02067,2023-06-24,Basic,299,East,Paid Ads,Churned,3,2023-09-22,Not using enough
CUST02068,2023-05-09,Basic,299,South,Organic,Churned,7,2023-12-05,Price too high
CUST02069,2024-11-26,Basic,299,East,Referral,Active,1,,
CUST02070,2023-08-26,Standard,599,East,Social Media,Churned,1,2023-09-25,Price too high
CUST02071,2023-06-14,Basic,299,West,Paid Ads,Churned,6,2023-12-11,Poor support experience
CUST02072,2024-06-11,Premium,999,North,Paid Ads,Active,6,,
CUST02073,2023-06-28,Basic,299,South,Organic,Churned,6,2023-12-25,Poor support experience
CUST02074,2024-07-01,Standard,599,East,Organic,Churned,1,2024-07-31,Found alternative
CUST02075,2023-02-25,Standard,599,East,Organic,Active,22,,
CUST02076,2024-03-17,Premium,999,South,Paid Ads,Active,9,,
CUST02077,2024-01-24,Premium,999,West,Referral,Active,11,,
CUST02078,2024-02-27,Basic,299,South,Organic,Churned,5,2024-07-26,Not using enough
CUST02079,2023-09-09,Standard,599,South,Organic,Active,15,,
CUST02080,2023-11-21,Standard,599,South,Paid Ads,Active,13,,
CUST02081,2023-02-24,Basic,299,South,Paid Ads,Churned,6,2023-08-23,Poor support experience
CUST02082,2023-04-02,Premium,999,East,Referral,Active,21,,
CUST02083,2023-05-02,Standard,599,East,Paid Ads,Churned,6,2023-10-29,Price too high
CUST02084,2024-10-15,Basic,299,South,Paid Ads,Active,2,,
CUST02085,2023-08-13,Standard,599,North,Referral,Churned,2,2023-10-12,Price too high
CUST02086,2024-11-19,Basic,299,East,Social Media,Churned,1,2024-12-19,Price too high
CUST02087,2023-07-15,Premium,999,North,Organic,Active,17,,
CUST02088,2024-07-20,Standard,599,South,Referral,Active,5,,
CUST02089,2023-02-12,Basic,299,South,Social Media,Active,22,,
CUST02090,2024-09-15,Standard,599,South,Paid Ads,Churned,3,2024-12-14,Poor support experience
CUST02091,2023-03-16,Standard,599,North,Organic,Churned,15,2024-06-08,Found alternative
CUST02092,2024-11-15,Basic,299,South,Social Media,Active,1,,
CUST02093,2023-04-29,Basic,299,West,Paid Ads,Churned,12,2024-04-23,Poor support experience
CUST02094,2023-02-06,Premium,999,North,Organic,Active,23,,
CUST02095,2024-03-31,Standard,599,North,Organic,Churned,9,2024-12-26,Missing features
CUST02096,2023-05-18,Premium,999,South,Referral,Active,19,,
CUST02097,2024-04-24,Standard,599,East,Paid Ads,Churned,7,2024-11-20,Price too high
CUST02098,2023-12-24,Basic,299,West,Paid Ads,Churned,6,2024-06-21,Poor support experience
CUST02099,2023-02-15,Standard,599,West,Referral,Active,22,,
CUST02100,2023-10-06,Standard,599,South,Referral,Active,15,,
CUST02101,2024-11-23,Standard,599,North,Organic,Active,1,,
CUST02102,2024-11-19,Premium,999,West,Organic,Active,1,,
CUST02103,2024-11-14,Basic,299,West,Social Media,Active,1,,
CUST02104,2024-08-30,Premium,999,East,Social Media,Active,4,,
CUST02105,2023-06-09,Premium,999,West,Organic,Active,19,,
CUST02106,2024-01-10,Standard,599,South,Organic,Active,11,,
CUST02107,2023-04-02,Basic,299,South,Referral,Churned,18,2024-09-23,Price too high
CUST02108,2023-09-21,Basic,299,South,Social Media,Churned,10,2024-07-17,Not using enough
CUST02109,2024-01-03,Basic,299,South,Social Media,Churned,12,2024-12-28,Price too high
CUST02110,2024-02-09,Basic,299,South,Social Media,Churned,5,2024-07-08,Price too high
CUST02111,2024-09-28,Premium,999,West,Organic,Active,3,,
CUST02112,2024-01-05,Basic,299,South,Referral,Churned,7,2024-08-02,Missing features
CUST02113,2024-01-18,Basic,299,South,Paid Ads,Churned,8,2024-09-14,Poor support experience
CUST02114,2023-02-07,Basic,299,East,Referral,Active,23,,
CUST02115,2024-09-15,Premium,999,North,Paid Ads,Active,3,,
CUST02116,2024-08-17,Basic,299,East,Organic,Active,4,,
CUST02117,2023-12-22,Premium,999,South,Organic,Active,12,,
CUST02118,2023-10-10,Basic,299,East,Organic,Active,14,,
CUST02119,2024-02-03,Premium,999,South,Referral,Active,11,,
CUST02120,2024-04-06,Basic,299,South,Referral,Churned,3,2024-07-05,Not using enough
CUST02121,2023-09-19,Standard,599,West,Referral,Active,15,,
CUST02122,2024-04-19,Basic,299,West,Paid Ads,Active,8,,
CUST02123,2024-10-05,Basic,299,East,Referral,Active,2,,
CUST02124,2024-03-19,Standard,599,West,Organic,Active,9,,
CUST02125,2023-10-12,Standard,599,South,Social Media,Churned,12,2024-10-06,Poor support experience
CUST02126,2024-03-20,Standard,599,South,Organic,Active,9,,
CUST02127,2024-10-17,Basic,299,North,Organic,Active,2,,
CUST02128,2024-02-29,Standard,599,East,Paid Ads,Churned,8,2024-10-26,Poor support experience
CUST02129,2024-10-04,Basic,299,SOUTH,Organic,Churned,1,2024-11-03,Missing features
CUST02130,2024-10-09,Premium,999,North,Paid Ads,Churned,2,2024-12-08,Price too high
CUST02131,2024-03-25,Standard,599,East,Referral,Active,9,,
CUST02132,2023-07-16,Basic,299,North,Paid Ads,Churned,8,2024-03-12,Not using enough
CUST02133,2023-10-23,Basic,299,North,Organic,Churned,9,2024-07-19,Price too high
CUST02134,2024-05-09,Standard,599,West,Organic,Active,7,,
CUST02135,2023-01-08,Basic,299,West,Organic,Churned,11,2023-12-04,Missing features
CUST02136,2023-09-15,Standard,599,North,Referral,Churned,14,2024-11-08,Found alternative
CUST02137,2024-10-20,Basic,299,West,Paid Ads,Active,2,,
CUST02138,2023-03-25,Basic,299,East,Paid Ads,Churned,2,2023-05-24,Price too high
CUST02139,2023-07-22,Basic,299,South,Organic,Churned,10,2024-05-17,Not using enough
CUST02140,2023-12-18,Premium,999,West,Referral,Churned,2,2024-02-16,Price too high
CUST02141,2024-05-05,Standard,599,West,Paid Ads,Active,8,,
CUST02142,2024-06-08,Premium,999,South,Organic,Active,6,,
CUST02143,2024-09-09,Standard,599,North,Social Media,Active,3,,
CUST02144,2024-10-04,Basic,299,North,Organic,Active,2,,
CUST02145,2023-02-20,Basic,299,North,Social Media,Churned,4,2023-06-20,Found alternative
CUST02146,2024-01-31,Basic,299,South,Organic,Churned,8,2024-09-27,Poor support experience
CUST02147,2023-05-23,Basic,299,South,Referral,Active,19,,
CUST02148,2023-12-24,Standard,599,East,Paid Ads,Active,12,,
CUST02149,2024-09-29,Standard,599,North,Organic,Churned,3,2024-12-28,Technical issues
CUST02150,2023-09-09,Standard,599,North,Organic,Active,15,,
CUST02151,2024-11-25,Standard,599,West,Referral,Active,1,,
CUST02152,2023-04-11,Standard,599,West,Paid Ads,Churned,10,2024-02-05,Price too high
CUST02153,2023-02-11,Basic,299,East,Organic,Churned,2,2023-04-12,Not using enough
CUST02154,2023-11-26,Standard,599,South,Paid Ads,Churned,12,2024-11-20,Found alternative
CUST02155,2023-07-03,Premium,999,West,Organic,Churned,13,2024-07-27,Missing features
CUST02156,2023-06-29,Standard,599,South,Organic,Active,18,,
CUST02157,2023-10-05,Standard,599,West,Social Media,Churned,2,2023-12-04,Technical issues
CUST02158,2024-09-20,Basic,299,South,Organic,Active,3,,
CUST02159,2023-11-12,Premium,999,South,,Active,13,,
CUST02160,2024-03-13,Premium,999,West,Organic,Active,9,,
CUST02161,2024-02-20,Standard,599,West,Paid Ads,Churned,1,2024-03-21,Found alternative
CUST02162,2023-03-28,Standard,599,North,Organic,Churned,2,2023-05-27,Found alternative
CUST02163,2023-07-23,Premium,999,North,Organic,Churned,3,2023-10-21,Technical issues
CUST02164,2023-11-10,Standard,599,West,Paid Ads,Churned,8,2024-07-07,Price too high
CUST02165,2023-12-12,Standard,599,East,Social Media,Active,12,,
CUST02166,2023-10-16,Standard,599,West,Organic,Churned,5,2024-03-14,Found alternative
CUST02167,2023-10-03,Basic,299,West,Paid Ads,Churned,7,2024-04-30,Found alternative
CUST02168,2023-07-12,Premium,999,South,Organic,Active,17,,
CUST02169,2023-04-14,Premium,999,South,,Churned,11,2024-03-09,Price too high
CUST02170,2024-08-01,Standard,599,West,Referral,Churned,1,2024-08-31,Not using enough
CUST02171,2023-07-28,Basic,299,South,Organic,Active,17,,
CUST02172,2023-05-16,Basic,299,West,Referral,Churned,15,2024-08-08,Price too high
CUST02173,2024-04-02,Premium,999,West,Organic,Active,9,,
CUST02174,2023-06-13,Basic,299,East,Organic,Active,18,,
CUST02175,2024-08-25,Standard,599,West,Paid Ads,Active,4,,
CUST02176,2024-10-16,Standard,599,North,Paid Ads,Active,2,,
CUST02177,2023-06-04,Standard,599,West,Paid Ads,Active,19,,
CUST02178,2023-07-26,Standard,599,North,Organic,Active,17,,
CUST02179,2024-11-16,Standard,599,North,Organic,Active,1,,
CUST02180,2024-10-09,Basic,299,South,Organic,Active,2,,
CUST02181,2024-09-20,Premium,999,West,Organic,Active,3,,
CUST02182,2023-09-15,Standard,599,East,Social Media,Churned,13,2024-10-09,Found alternative
CUST02183,2024-07-21,Standard,599,East,Referral,Active,5,,
CUST02184,2023-11-30,Basic,299,South,Organic,Churned,13,2024-12-24,Not using enough
CUST02185,2023-04-08,Basic,299,South,Paid Ads,Churned,4,2023-08-06,Missing features
CUST02186,2024-09-01,Standard,599,North,Social Media,Churned,3,2024-11-30,Poor support experience
CUST02187,2023-03-10,Basic,299,South,Paid Ads,Churned,22,2024-12-29,Price too high
CUST02188,2024-01-02,Standard,599,North,Paid Ads,Churned,10,2024-10-28,Price too high
CUST02189,2023-08-03,Standard,599,South,Organic,Active,17,,
CUST02190,2024-05-25,Standard,599,West,Referral,Active,7,,
CUST02191,2023-09-21,Standard,599,South,Referral,Churned,2,2023-11-20,Missing features
CUST02192,2023-01-24,Standard,599,South,Referral,Active,23,,
CUST02193,2024-11-11,Basic,299,North,Organic,Active,1,,
CUST02194,2023-09-13,Standard,599,North,Referral,Active,15,,
CUST02195,2024-08-02,Basic,299,South,Organic,Active,5,,
CUST02196,2023-12-12,Standard,599,West,Organic,Churned,1,2024-01-11,Price too high
CUST02197,2023-12-06,Premium,999,South,Referral,Active,13,,
CUST02198,2024-02-18,Premium,999,South,Social Media,Active,10,,
CUST02199,2023-02-20,Basic,299,West,Social Media,Churned,3,2023-05-21,Not using enough
CUST02200,2024-09-09,Standard,599,West,Paid Ads,Active,3,,
CUST02201,2024-07-25,Basic,299,North,Paid Ads,Churned,4,2024-11-22,Poor support experience
CUST02202,2023-02-16,Basic,299,West,Social Media,Churned,13,2024-03-12,Price too high
CUST02203,2023-11-18,Basic,299,North,Paid Ads,Active,13,,
CUST02204,2024-03-14,Basic,299,South,Referral,Churned,6,2024-09-10,Not using enough
CUST02205,2023-08-05,Standard,599,South,Paid Ads,Churned,2,2023-10-04,Poor support experience
CUST02206,2024-10-15,Standard,599,South,Referral,Active,2,,
CUST02207,2023-09-05,Premium,999,North,Paid Ads,Active,16,,
CUST02208,2023-03-29,Standard,599,West,Referral,Churned,3,2023-06-27,Found alternative
CUST02209,2024-03-30,Basic,299,South,Organic,Active,9,,
CUST02210,2024-08-01,Basic,299,West,Organic,Churned,2,2024-09-30,Poor support experience
CUST02211,2023-09-25,Basic,299,East,Organic,Active,15,,
CUST02212,2024-09-14,Premium,999,West,Referral,Active,3,,
CUST02213,2023-05-22,Premium,999,North,Paid Ads,Active,19,,
CUST02214,2023-02-05,Basic,299,West,Referral,Churned,23,2024-12-26,Found alternative
CUST02215,2023-03-02,Basic,299,East,Referral,Churned,6,2023-08-29,Found alternative
CUST02216,2024-10-09,Basic,299,North,Social Media,Active,2,,
CUST02217,2023-09-27,Standard,599,West,Organic,Active,15,,
CUST02218,2024-05-27,Basic,299,West,Organic,Churned,4,2024-09-24,Price too high
CUST02219,2023-07-17,Premium,999,South,Organic,Active,17,,
CUST02220,2023-11-21,Standard,599,South,Referral,Churned,6,2024-05-19,Poor support experience
CUST02221,2024-08-21,Premium,999,West,Paid Ads,Active,4,,
CUST02222,2024-05-10,Basic,299,West,Organic,Churned,5,2024-10-07,Missing features
CUST02223,2024-05-18,Standard,599,West,Paid Ads,Active,7,,
CUST02224,2024-03-18,Premium,999,West,Paid Ads,Active,9,,
CUST02225,2024-08-16,Basic,299,East,Paid Ads,Active,4,,
CUST02226,2023-03-05,Basic,299,North,Organic,Churned,19,2024-09-25,Not using enough
CUST02227,2024-09-30,Premium,999,South,Organic,Active,3,,
CUST02228,2023-02-27,Standard,599,South,Social Media,Active,22,,
CUST02229,2023-05-22,Standard,599,East,Referral,Churned,10,2024-03-17,Poor support experience
CUST02230,2024-03-16,Basic,299,North,Organic,Active,9,,
CUST02231,2023-03-05,Basic,299,East,Paid Ads,Churned,8,2023-10-31,Price too high
CUST02232,2023-02-28,Basic,299,West,Organic,Active,22,,
CUST02233,2023-11-15,Basic,299,West,Social Media,Churned,7,2024-06-12,Found alternative
CUST02234,2024-09-14,Basic,299,North,Social Media,Churned,3,2024-12-13,Found alternative
CUST02235,2023-11-03,Standard,599,South,Referral,Churned,4,2024-03-02,Not using enough
CUST02236,2024-09-18,Standard,599,West,Paid Ads,Churned,1,2024-10-18,Not using enough
CUST02237,2023-03-10,Basic,299,East,Organic,Active,22,,
CUST02238,2024-02-28,Standard,599,East,Organic,Active,10,,
CUST02239,2023-04-23,Basic,299,South,Referral,Active,20,,
CUST02240,2024-10-18,Basic,299,North,Social Media,Churned,2,2024-12-17,Not using enough
CUST02241,2024-11-11,Standard,599,South,Social Media,Active,1,,
CUST02242,2023-01-08,Basic,299,West,Paid Ads,Churned,2,2023-03-09,Price too high
CUST02243,2023-08-27,Premium,999,West,Organic,Churned,8,2024-04-23,Not using enough
CUST02244,2023-02-04,Premium,999,South,Paid Ads,Churned,16,2024-05-29,Price too high
CUST02245,2024-11-13,Basic,299,North,Referral,Active,1,,
CUST02246,2023-05-15,Standard,599,South,Social Media,Active,19,,
CUST02247,2024-02-01,Standard,599,North,Organic,Churned,11,2024-12-27,Price too high
CUST02248,2024-02-14,Basic,299,North,Paid Ads,Churned,3,2024-05-14,Found alternative
CUST02249,2024-07-03,Premium,999,South,Referral,Active,6,,
CUST02250,2024-05-29,Basic,299,South,Paid Ads,Active,7,,
CUST02251,2023-01-22,Basic,299,North,Organic,Churned,20,2024-09-13,Price too high
CUST02252,2023-04-23,Basic,299,West,Paid Ads,Churned,5,2023-09-20,Not using enough
CUST02253,2024-05-18,Basic,299,South,Referral,Active,7,,
CUST02254,2023-05-19,Basic,299,South,Organic,Churned,9,2024-02-13,Not using enough
CUST02255,2023-11-14,Premium,999,North,Organic,Churned,12,2024-11-08,Poor support experience
CUST02256,2024-01-19,Basic,299,North,Organic,Churned,2,2024-03-19,Not using enough
CUST02257,2024-02-25,Standard,599,South,Social Media,Churned,7,2024-09-22,Missing features
CUST02258,2024-05-19,Standard,599,West,Social Media,Churned,5,2024-10-16,Poor support experience
CUST02259,2024-08-02,Basic,299,South,Social Media,Active,5,,
CUST02260,2023-10-19,Standard,599,West,Paid Ads,Churned,12,2024-10-13,Not using enough
CUST02261,2024-07-05,Basic,299,South,Social Media,Active,5,,
CUST02262,2023-08-13,Basic,299,West,Organic,Churned,14,2024-10-06,Price too high
CUST02263,2023-12-13,Standard,599,North,Referral,Active,12,,
CUST02264,2024-05-03,Basic,299,West,Paid Ads,Churned,2,2024-07-02,Found alternative
CUST02265,2023-03-21,Basic,299,North,Paid Ads,Churned,18,2024-09-11,Found alternative
CUST02266,2023-06-15,Basic,299,North,Organic,Churned,17,2024-11-06,Found alternative
CUST02267,2024-02-14,Premium,999,West,Paid Ads,Active,10,,
CUST02268,2023-09-09,Standard,599,North,Referral,Churned,15,2024-12-02,Not using enough
CUST02269,2024-01-22,Premium,999,South,Paid Ads,Active,11,,
CUST02270,2024-03-07,Basic,299,West,Paid Ads,Churned,2,2024-05-06,Found alternative
CUST02271,2024-05-03,Standard,599,North,Referral,Churned,1,2024-06-02,Not using enough
CUST02272,2023-01-10,Basic,299,South,Organic,Churned,3,2023-04-10,Price too high
CUST02273,2023-06-18,Basic,299,West,Organic,Churned,1,2023-07-18,Price too high
CUST02274,2023-07-17,Basic,299,South,Organic,Churned,8,2024-03-13,Poor support experience
CUST02275,2023-02-11,Premium,999,East,Organic,Active,22,,
CUST02276,2023-03-31,Premium,999,South,Organic,Active,21,,
CUST02277,2023-06-08,Premium,999,North,Organic,Churned,11,2024-05-03,Price too high
CUST02278,2023-07-14,Basic,299,East,Paid Ads,Churned,10,2024-05-09,Technical issues
CUST02279,2024-07-23,Standard,599,South,Referral,Active,5,,
CUST02280,2024-04-05,Premium,999,South,Paid Ads,Churned,1,2024-05-05,Price too high
CUST02281,2023-01-31,Standard,599,West,Referral,Active,23,,
CUST02282,2023-04-14,Basic,299,South,Referral,Churned,3,2023-07-13,Not using enough
CUST02283,2024-11-04,Standard,599,North,Referral,Active,1,,
CUST02284,2023-03-12,Standard,599,West,Paid Ads,Churned,11,2024-02-05,Price too high
CUST02285,2024-09-15,Premium,999,East,Referral,Active,3,,
CUST02286,2024-04-22,Standard,599,North,Social Media,Active,8,,
CUST02287,2023-03-29,Basic,299,West,Organic,Churned,17,2024-08-20,Poor support experience
CUST02288,2024-02-26,Basic,299,North,Referral,Active,10,,
CUST02289,2024-04-29,Basic,299,West,Organic,Churned,6,2024-10-26,Price too high
CUST02290,2023-01-25,Basic,299,East,Referral,Churned,3,2023-04-25,Found alternative
CUST02291,2024-06-01,Basic,299,East,Referral,Active,7,,
CUST02292,2023-10-04,Basic,299,South,Referral,Churned,1,2023-11-03,Not using enough
CUST02293,2024-03-10,Standard,599,West,Social Media,Churned,9,2024-12-05,Not using enough
CUST02294,2023-01-30,Standard,599,East,Paid Ads,Churned,4,2023-05-30,Missing features
CUST02295,2024-08-19,Standard,599,North,Paid Ads,Active,4,,
CUST02296,2023-09-16,Premium,999,North,Paid Ads,Active,15,,
CUST02297,2023-10-23,Basic,299,North,Paid Ads,Churned,10,2024-08-18,Price too high
CUST02298,2024-11-10,Standard,599,East,Organic,Churned,1,2024-12-10,Poor support experience
CUST02299,2024-10-07,Basic,299,East,Paid Ads,Churned,2,2024-12-06,Price too high
CUST02300,2024-08-27,Standard,599,West,Organic,Active,4,,
CUST02301,2023-03-21,Premium,999,East,Paid Ads,Active,21,,
CUST02302,2024-02-11,Standard,599,West,Referral,Active,10,,
CUST02303,2023-05-20,Premium,999,West,Referral,Churned,13,2024-06-13,Price too high
CUST02304,2024-02-28,Basic,299,West,Referral,Active,10,,
CUST02305,2024-10-21,Premium,999,West,Organic,Active,2,,
CUST02306,2023-09-26,Premium,999,West,Paid Ads,Active,15,,
CUST02307,2024-07-03,Basic,299,North,Referral,Active,6,,
CUST02308,2023-11-11,Basic,299,West,Referral,Churned,7,2024-06-08,Price too high
CUST02309,2023-05-03,Standard,599,West,Social Media,Churned,3,2023-08-01,Price too high
CUST02310,2023-11-21,Basic,299,South,Organic,Churned,6,2024-05-19,Price too high
CUST02311,2024-07-31,Basic,299,East,Paid Ads,Active,5,,
CUST02312,2023-11-09,Premium,999,North,Paid Ads,Active,13,,
CUST02313,2023-08-09,Standard,599,East,Organic,Active,17,,
CUST02314,2024-07-04,Standard,599,North,Paid Ads,Active,6,,
CUST02315,2024-04-04,Standard,599,West,Paid Ads,Churned,4,2024-08-02,Price too high
CUST02316,2024-05-11,Premium,999,South,Paid Ads,Active,7,,
CUST02317,2023-03-22,Standard,599,West,Paid Ads,Active,21,,
CUST02318,2024-02-03,Basic,299,South,Social Media,Churned,3,2024-05-03,Poor support experience
CUST02319,2024-10-07,Basic,299,South,Organic,Active,2,,
CUST02320,2023-05-11,Premium,999,East,Organic,Active,20,,
CUST02321,2023-12-01,Premium,999,North,Social Media,Churned,9,2024-08-27,Poor support experience
CUST02322,2023-09-03,Basic,299,South,Organic,Active,16,,
CUST02323,2024-07-25,Basic,299,South,Paid Ads,Churned,4,2024-11-22,Not using enough
CUST02324,2024-10-21,Premium,999,East,Paid Ads,Active,2,,
CUST02325,2024-02-29,Standard,599,South,Paid Ads,Churned,4,2024-06-28,Technical issues
CUST02326,2024-10-15,Basic,299,South,Paid Ads,Active,2,,
CUST02327,2024-06-05,Standard,599,South,Social Media,Churned,2,2024-08-04,Not using enough
CUST02328,2024-04-21,Premium,999,West,Social Media,Active,8,,
CUST02329,2024-02-18,Standard,599,West,Referral,Active,10,,
CUST02330,2024-04-17,Basic,299,South,Referral,Active,8,,
CUST02331,2024-01-02,Standard,599,West,Organic,Active,12,,
CUST02332,2024-05-13,Premium,999,South,Paid Ads,Churned,5,2024-10-10,Not using enough
CUST02333,2023-10-20,Standard,599,North,Referral,Active,14,,
CUST02334,2024-11-04,Standard,599,South,Social Media,Active,1,,
CUST02335,2023-02-25,Basic,299,North,Referral,Churned,6,2023-08-24,Poor support experience
CUST02336,2024-10-15,Basic,299,West,Paid Ads,Active,2,,
CUST02337,2023-08-25,Basic,299,West,Organic,Churned,15,2024-11-17,Found alternative
CUST02338,2024-07-28,Premium,999,South,Referral,Active,5,,
CUST02339,2023-03-11,Basic,299,West,Paid Ads,Churned,18,2024-09-01,Technical issues
CUST02340,2024-11-30,Standard,599,South,Paid Ads,Churned,1,2024-12-30,Found alternative
CUST02341,2023-09-18,Basic,299,North,Organic,Active,15,,
CUST02342,2024-02-13,Basic,299,West,Referral,Active,10,,
CUST02343,2024-07-28,Basic,299,South,Organic,Churned,5,2024-12-25,Poor support experience
CUST02344,2023-02-09,Standard,599,East,Social Media,Active,23,,
CUST02345,2024-06-06,Standard,599,West,Referral,Active,6,,
CUST02346,2023-07-03,Premium,999,East,Organic,Active,18,,
CUST02347,2023-10-01,Standard,599,South,Referral,Active,15,,
CUST02348,2024-02-25,Standard,599,South,Organic,Churned,5,2024-07-24,Not using enough
CUST02349,2023-04-29,Standard,599,South,Paid Ads,Active,20,,
CUST02350,2023-08-12,Basic,299,West,Paid Ads,Churned,13,2024-09-05,Missing features
CUST02351,2023-08-06,Premium,999,East,Paid Ads,Active,17,,
CUST02352,2024-03-26,Basic,299,North,Social Media,Churned,5,2024-08-23,Not using enough
CUST02353,2024-04-20,Standard,599,East,Social Media,Active,8,,
CUST02354,2023-11-23,Standard,599,West,Paid Ads,Churned,2,2024-01-22,Price too high
CUST02355,2024-09-22,Standard,599,South,Organic,Active,3,,
CUST02356,2024-10-11,Standard,599,North,Paid Ads,Active,2,,
CUST02357,2024-03-08,Premium,999,South,Organic,Active,9,,
CUST02358,2023-06-30,Basic,299,North,Organic,Churned,10,2024-04-25,Price too high
CUST02359,2023-03-12,Standard,599,West,Organic,Churned,12,2024-03-06,Not using enough
CUST02360,2024-05-05,Standard,599,South,Paid Ads,Churned,3,2024-08-03,Not using enough
CUST02361,2023-12-21,Basic,299,East,Social Media,Churned,3,2024-03-20,Not using enough
CUST02362,2024-07-03,Standard,599,East,Referral,Active,6,,
CUST02363,2024-06-15,Basic,299,West,Paid Ads,Active,6,,
CUST02364,2024-01-21,Standard,599,West,Referral,Active,11,,
CUST02365,2024-09-11,Premium,999,South,Referral,Active,3,,
CUST02366,2023-08-10,Basic,299,South,Organic,Active,16,,
CUST02367,2024-11-06,Premium,999,South,Organic,Active,1,,
CUST02368,2023-09-04,Standard,599,South,Paid Ads,Churned,9,2024-05-31,Price too high
CUST02369,2023-09-17,Premium,999,West,Social Media,Active,15,,
CUST02370,2024-11-13,Standard,599,North,Referral,Active,1,,
CUST02371,2023-12-17,Basic,299,South,Referral,Churned,9,2024-09-12,Missing features
CUST02372,2023-07-11,Basic,299,South,Paid Ads,Churned,16,2024-11-02,Found alternative
CUST02373,2024-02-21,Standard,599,South,Organic,Active,10,,
CUST02374,2024-05-22,Standard,599,East,Organic,Churned,3,2024-08-20,Missing features
CUST02375,2023-09-15,Basic,299,South,Organic,Churned,5,2024-02-12,Missing features
CUST02376,2024-09-24,Basic,299,West,Organic,Active,3,,
CUST02377,2023-12-20,Standard,599,North,Social Media,Churned,8,2024-08-16,Not using enough
CUST02378,2023-04-28,Basic,299,North,Paid Ads,Churned,6,2023-10-25,Not using enough
CUST02379,2023-10-24,Basic,299,South,Referral,Active,14,,
CUST02380,2023-08-16,Standard,599,South,Organic,Churned,4,2023-12-14,Poor support experience
CUST02381,2023-10-02,Premium,999,West,Organic,Active,15,,
CUST02382,2023-08-10,Basic,299,West,Organic,Active,16,,
CUST02383,2023-11-11,Standard,599,North,Social Media,Churned,9,2024-08-07,Found alternative
CUST02384,2023-03-25,Basic,299,North,Social Media,Churned,9,2023-12-20,Price too high
CUST02385,2023-06-23,Basic,299,South,Organic,Churned,8,2024-02-18,Not using enough
CUST02386,2024-10-21,Basic,299,North,Referral,Active,2,,
CUST02387,2024-03-30,Premium,999,North,Referral,Active,9,,
CUST02388,2024-04-06,Basic,299,South,Social Media,Churned,4,2024-08-04,Found alternative
CUST02389,2023-07-30,Standard,599,West,Referral,Active,17,,
CUST02390,2024-01-21,Basic,299,West,Paid Ads,Active,11,,
CUST02391,2024-08-23,Standard,599,South,Referral,Active,4,,
CUST02392,2023-06-04,Premium,999,North,Paid Ads,Churned,18,2024-11-25,Not using enough
CUST02393,2024-06-23,Standard,599,North,Referral,Active,6,,
CUST02394,2023-04-01,Basic,299,West,Paid Ads,Churned,5,2023-08-29,Not using enough
CUST02395,2024-05-21,Standard,599,North,Referral,Active,7,,
CUST02396,2023-02-15,Standard,599,East,Paid Ads,Churned,6,2023-08-14,Price too high
CUST02397,2023-02-10,Basic,299,North,Organic,Churned,4,2023-06-10,Price too high
CUST02398,2024-07-04,Standard,599,East,Paid Ads,Active,6,,
CUST02399,2023-10-11,Premium,999,West,Referral,Active,14,,
CUST02400,2024-01-21,Standard,599,West,Referral,Active,11,,
CUST02401,2023-09-29,Standard,599,East,Organic,Churned,10,2024-07-25,Price too high
CUST02402,2023-04-11,Basic,299,West,Social Media,Churned,3,2023-07-10,Price too high
CUST02403,2023-08-01,Premium,999,North,Organic,Active,17,,
CUST02404,2023-11-09,Premium,999,East,Social Media,Active,13,,
CUST02405,2024-08-17,Standard,599,North,Organic,Active,4,,
CUST02406,2023-08-21,Standard,599,North,Organic,Active,16,,
CUST02407,2024-01-03,Premium,999,West,Paid Ads,Active,12,,
CUST02408,2023-12-25,Basic,299,North,Paid Ads,Active,12,,
CUST02409,2023-02-21,Premium,999,South,Paid Ads,Active,22,,
CUST02410,2023-04-05,Basic,299,East,Referral,Active,21,,
CUST02411,2024-02-06,Standard,599,East,Referral,Active,10,,
CUST02412,2024-09-10,Premium,999,North,Social Media,Active,3,,
CUST02413,2023-01-29,Premium,999,South,Organic,Active,23,,
CUST02414,2023-02-11,Basic,299,South,Paid Ads,Churned,2,2023-04-12,Not using enough
CUST02415,2023-05-14,Premium,999,East,Organic,Churned,13,2024-06-07,Technical issues
CUST02416,2023-10-31,Standard,599,South,Referral,Active,14,,
CUST02417,2023-10-12,Basic,299,East,Paid Ads,Active,14,,
CUST02418,2023-06-17,Standard,599,North,Organic,Churned,4,2023-10-15,Price too high
CUST02419,2024-05-22,Standard,599,North,Paid Ads,Active,7,,
CUST02420,2023-11-05,Standard,599,South,Organic,Active,14,,
CUST02421,2024-02-17,Premium,999,West,Social Media,Active,10,,
CUST02422,2024-10-26,Basic,299,South,Referral,Churned,2,2024-12-25,Price too high
CUST02423,2023-05-29,Standard,599,East,Paid Ads,Active,19,,
CUST02424,2024-10-05,Standard,599,West,Organic,Active,2,,
CUST02425,2023-04-20,Standard,599,South,Social Media,Active,20,,
CUST02426,2024-04-29,Premium,999,West,Social Media,Churned,8,2024-12-25,Missing features
CUST02427,2023-01-08,Standard,599,East,Paid Ads,Churned,16,2024-05-02,Found alternative
CUST02428,2024-04-01,Basic,299,West,Social Media,Churned,7,2024-10-28,Not using enough
CUST02429,2024-08-14,Premium,999,North,Social Media,Active,4,,
CUST02430,2024-07-01,Premium,999,North,Social Media,Churned,4,2024-10-29,Found alternative
CUST02431,2024-09-01,Premium,999,East,Organic,Active,4,,
CUST02432,2024-11-22,Basic,299,South,Social Media,Active,1,,
CUST02433,2023-08-15,Basic,299,West,Organic,Churned,3,2023-11-13,Missing features
CUST02434,2024-09-15,Premium,999,North,Paid Ads,Active,3,,
CUST02435,2023-10-05,Standard,599,South,Referral,Active,15,,
CUST02436,2024-03-02,Premium,999,South,Social Media,Active,10,,
CUST02437,2023-04-07,Standard,599,West,Paid Ads,Churned,7,2023-11-03,Found alternative
CUST02438,2023-06-23,Premium,999,West,Paid Ads,Churned,6,2023-12-20,Not using enough
CUST02439,2023-04-24,Standard,599,North,Organic,Active,20,,
CUST02440,2024-01-03,Standard,599,West,Social Media,Active,12,,
CUST02441,2024-09-10,Basic,299,East,Paid Ads,Active,3,,
CUST02442,2023-11-22,Standard,599,North,Paid Ads,Active,13,,
CUST02443,2023-08-28,Standard,599,North,Paid Ads,Churned,13,2024-09-21,Found alternative
CUST02444,2024-04-01,Standard,599,East,Organic,Active,9,,
CUST02445,2023-08-22,Premium,999,East,Organic,Active,16,,
CUST02446,2023-05-23,Standard,599,North,Social Media,Active,19,,
CUST02447,2024-11-29,Basic,299,North,Paid Ads,Active,1,,
CUST02448,2024-10-24,Basic,299,North,Social Media,Active,2,,
CUST02449,2024-04-02,Standard,599,South,Organic,Active,9,,
CUST02450,2023-03-29,Standard,599,North,Organic,Churned,6,2023-09-25,Not using enough
CUST02451,2024-06-14,Standard,599,West,Organic,Active,6,,
CUST02452,2023-02-20,Basic,299,South,Organic,Churned,2,2023-04-21,Not using enough
CUST02453,2024-06-13,Standard,599,South,Paid Ads,Active,6,,
CUST02454,2023-01-10,Basic,299,East,Social Media,Churned,3,2023-04-10,Technical issues
CUST02455,2024-01-26,Premium,999,South,Paid Ads,Active,11,,
CUST02456,2024-01-21,Basic,299,South,Organic,Churned,5,2024-06-19,Price too high
CUST02457,2024-09-07,Standard,599,South,Paid Ads,Active,3,,
CUST02458,2024-09-16,Standard,599,South,Referral,Active,3,,
CUST02459,2023-12-13,Premium,999,South,Social Media,Active,12,,
CUST02460,2024-04-12,Basic,299,South,Organic,Active,8,,
CUST02461,2024-01-03,Standard,599,West,Paid Ads,Active,12,,
CUST02462,2024-03-02,Basic,299,South,Referral,Active,10,,
CUST02463,2023-05-23,Basic,299,West,Referral,Churned,3,2023-08-21,Missing features
CUST02464,2023-12-02,Standard,599,North,Social Media,Active,13,,
CUST02465,2023-12-08,Standard,599,North,Organic,Churned,7,2024-07-05,Price too high
CUST02466,2023-03-20,Standard,599,East,Paid Ads,Churned,3,2023-06-18,Price too high
CUST02467,2023-11-16,Basic,299,West,Organic,Churned,2,2024-01-15,Poor support experience
CUST02468,2024-01-07,Standard,599,West,Paid Ads,Churned,2,2024-03-07,Poor support experience
CUST02469,2024-10-02,Premium,999,South,Referral,Churned,3,2024-12-31,Not using enough
CUST02470,2023-02-11,Standard,599,North,Social Media,Churned,1,2023-03-13,Missing features
CUST02471,2024-05-22,Basic,299,South,Organic,Active,7,,
CUST02472,2024-06-18,Basic,299,East,Paid Ads,Churned,3,2024-09-16,Found alternative
CUST02473,2024-09-22,Premium,999,South,Social Media,Active,3,,
CUST02474,2023-04-03,Standard,599,South,Paid Ads,Active,21,,
CUST02475,2024-07-28,Basic,299,South,Social Media,Active,5,,
CUST02476,2023-10-15,Basic,299,South,Organic,Active,14,,
CUST02477,2024-03-26,Standard,599,North,Organic,Churned,6,2024-09-22,Price too high
CUST02478,2024-07-31,Basic,299,North,Social Media,Churned,4,2024-11-28,Missing features
CUST02479,2024-09-28,Basic,299,North,Referral,Active,3,,
CUST02480,2023-08-14,Standard,599,East,Organic,Churned,12,2024-08-08,Price too high
CUST02481,2023-08-19,Premium,999,North,Paid Ads,Active,16,,
CUST02482,2024-07-17,Basic,299,West,Organic,Active,5,,
CUST02483,2024-07-22,Basic,299,East,Organic,Active,5,,
CUST02484,2023-01-21,Basic,299,South,Organic,Churned,3,2023-04-21,Price too high
CUST02485,2024-04-17,Standard,599,North,Paid Ads,Churned,8,2024-12-13,Missing features
CUST02486,2023-02-21,Standard,599,West,Referral,Active,22,,
CUST02487,2023-01-30,Basic,299,West,Paid Ads,Churned,2,2023-03-31,Price too high
CUST02488,2023-07-23,Standard,599,South,Paid Ads,Churned,5,2023-12-20,Price too high
CUST02489,2024-06-02,Standard,599,South,Referral,Active,7,,
CUST02490,2023-01-11,Basic,299,West,Organic,Churned,21,2024-10-02,Price too high
CUST02491,2024-03-11,Basic,299,West,Organic,Active,9,,
CUST02492,2023-07-27,Basic,299,South,Referral,Churned,11,2024-06-21,Price too high
CUST02493,2024-09-16,Basic,299,South,Referral,Active,3,,
CUST02494,2024-09-18,Premium,999,North,Organic,Active,3,,
CUST02495,2024-06-20,Standard,599,West,Organic,Churned,4,2024-10-18,Found alternative
CUST02496,2024-09-03,Standard,599,West,Paid Ads,Active,3,,
CUST02497,2024-03-26,Basic,299,North,Referral,Active,9,,
CUST02498,2023-09-02,Premium,999,South,Social Media,Active,16,,
CUST02499,2024-01-08,Standard,599,West,Paid Ads,Churned,5,2024-06-06,Technical issues
CUST02500,2024-09-26,Premium,999,South,Organic,Active,3,,
CUST01407,2024-05-18,Basic,299,North,Organic,Active,7,,
CUST00298,2024-10-27,Basic,299,North,Organic,Churned,2,2024-12-26,Found alternative
CUST01277,2024-11-16,Standard,599,West,Social Media,Active,1,,
CUST02369,2023-09-17,Premium,999,West,Social Media,Active,15,,
CUST00439,2024-03-06,Premium,999,West,Referral,Churned,5,2024-08-03,Not using enough
CUST02010,2023-03-09,Premium,999,West,Paid Ads,Churned,12,2024-03-03,Found alternative
CUST00643,2024-05-26,Premium,999,South,Social Media,Active,7,,
CUST00656,2023-06-08,Basic,299,North,Referral,Churned,6,2023-12-05,Price too high
CUST01194,2023-11-07,Premium,999,North,Paid Ads,Churned,6,2024-05-05,Missing features
CUST02411,2024-02-06,Standard,599,East,Referral,Active,10,,
